Entity,Code,Year,2.5.2 - Proportion of local breeds classified as being at risk as a share of local breeds with known level of extinction risk (%) - ER_RSK_LBREDS
Africa (UN),,2000,26
Africa (UN),,2001,30
Africa (UN),,2003,40
Algeria,DZA,2000,0
Algeria,DZA,2001,0
Algeria,DZA,2003,0
Algeria,DZA,2004,0
Algeria,DZA,2005,0
Algeria,DZA,2006,0
Algeria,DZA,2007,0
Algeria,DZA,2008,0
Algeria,DZA,2009,0
Algeria,DZA,2010,0
Algeria,DZA,2011,0
Algeria,DZA,2012,0
Algeria,DZA,2013,0
Algeria,DZA,2020,100
Algeria,DZA,2021,100
Algeria,DZA,2022,100
Algeria,DZA,2023,100
Angola,AGO,2000,0
Angola,AGO,2001,0
Angola,AGO,2002,0
Angola,AGO,2003,0
Antigua and Barbuda,ATG,2000,25
Antigua and Barbuda,ATG,2001,25
Antigua and Barbuda,ATG,2002,25
Antigua and Barbuda,ATG,2003,25
Argentina,ARG,2000,14
Argentina,ARG,2001,14
Argentina,ARG,2002,20
Argentina,ARG,2003,25
Argentina,ARG,2010,0
Argentina,ARG,2011,0
Argentina,ARG,2012,0
Argentina,ARG,2013,0
Argentina,ARG,2014,0
Argentina,ARG,2015,0
Argentina,ARG,2016,0
Argentina,ARG,2017,25
Argentina,ARG,2018,20
Argentina,ARG,2019,20
Argentina,ARG,2020,20
Argentina,ARG,2021,17
Argentina,ARG,2022,30
Argentina,ARG,2023,30
Armenia,ARM,2003,0
Armenia,ARM,2004,0
Armenia,ARM,2005,0
Armenia,ARM,2006,0
Armenia,ARM,2007,0
Armenia,ARM,2008,0
Armenia,ARM,2009,0
Armenia,ARM,2010,0
Armenia,ARM,2011,0
Armenia,ARM,2012,0
Asia (UN),,2000,30
Asia (UN),,2001,28
Asia (UN),,2002,25
Asia (UN),,2003,24
Asia (UN),,2004,22
Asia (UN),,2005,20
Asia (UN),,2006,22
Asia (UN),,2007,21
Asia (UN),,2008,20
Asia (UN),,2009,21
Asia (UN),,2010,22
Asia (UN),,2011,23
Asia (UN),,2012,24
Australia,AUS,2000,85
Australia,AUS,2001,85
Australia,AUS,2002,90
Australia,AUS,2003,83
Australia,AUS,2004,71
Australia,AUS,2005,88
Australia,AUS,2006,86
Australia,AUS,2007,86
Australia,AUS,2008,86
Australia,AUS,2009,78
Australia,AUS,2010,78
Australia,AUS,2011,78
Australia,AUS,2012,78
Australia,AUS,2013,78
Australia,AUS,2014,83
Australia,AUS,2015,83
Australia,AUS,2016,83
Australia,AUS,2017,83
Australia,AUS,2018,83
Australia,AUS,2019,100
Australia,AUS,2021,100
Australia,AUS,2022,87
Australia,AUS,2023,87
Austria,AUT,2000,100
Austria,AUT,2001,100
Austria,AUT,2002,100
Austria,AUT,2003,100
Austria,AUT,2004,100
Austria,AUT,2005,100
Austria,AUT,2006,100
Austria,AUT,2007,100
Austria,AUT,2008,100
Austria,AUT,2009,100
Austria,AUT,2010,100
Austria,AUT,2011,100
Austria,AUT,2012,100
Austria,AUT,2013,96
Austria,AUT,2014,96
Austria,AUT,2015,96
Austria,AUT,2016,96
Austria,AUT,2017,91
Austria,AUT,2018,91
Austria,AUT,2019,91
Austria,AUT,2020,91
Austria,AUT,2021,91
Austria,AUT,2022,91
Austria,AUT,2023,91
Azerbaijan,AZE,2015,0
Azerbaijan,AZE,2016,0
Azerbaijan,AZE,2017,0
Azerbaijan,AZE,2018,0
Azerbaijan,AZE,2019,0
Azerbaijan,AZE,2020,0
Azerbaijan,AZE,2021,0
Azerbaijan,AZE,2022,0
Azerbaijan,AZE,2023,0
Bangladesh,BGD,2000,0
Bangladesh,BGD,2001,0
Bangladesh,BGD,2004,80
Bangladesh,BGD,2005,80
Bangladesh,BGD,2006,80
Bangladesh,BGD,2007,80
Bangladesh,BGD,2008,80
Bangladesh,BGD,2009,80
Bangladesh,BGD,2010,80
Bangladesh,BGD,2011,80
Bangladesh,BGD,2012,80
Bangladesh,BGD,2013,80
Belarus,BLR,2003,25
Belarus,BLR,2004,40
Belarus,BLR,2005,40
Belarus,BLR,2006,40
Belarus,BLR,2007,40
Belarus,BLR,2008,40
Belarus,BLR,2009,40
Belarus,BLR,2010,40
Belarus,BLR,2011,40
Belarus,BLR,2012,40
Belarus,BLR,2013,100
Belgium,BEL,2000,85
Belgium,BEL,2001,85
Belgium,BEL,2002,85
Belgium,BEL,2003,85
Belgium,BEL,2004,100
Belgium,BEL,2005,100
Belgium,BEL,2006,100
Belgium,BEL,2007,100
Belgium,BEL,2008,100
Belgium,BEL,2009,100
Belgium,BEL,2010,100
Belgium,BEL,2011,100
Belgium,BEL,2012,93
Belgium,BEL,2013,96
Belgium,BEL,2014,96
Belgium,BEL,2015,96
Belgium,BEL,2016,94
Belgium,BEL,2017,94
Belgium,BEL,2018,96
Belgium,BEL,2019,96
Belgium,BEL,2020,96
Belgium,BEL,2021,96
Belgium,BEL,2022,96
Belgium,BEL,2023,100
Benin,BEN,2000,0
Benin,BEN,2001,0
Benin,BEN,2003,0
Benin,BEN,2004,0
Benin,BEN,2005,0
Benin,BEN,2006,0
Benin,BEN,2007,0
Benin,BEN,2008,0
Benin,BEN,2009,0
Benin,BEN,2010,0
Benin,BEN,2011,0
Benin,BEN,2012,0
Bermuda,BMU,2000,100
Bermuda,BMU,2001,100
Bermuda,BMU,2002,100
Bermuda,BMU,2003,100
Bhutan,BTN,2000,0
Bhutan,BTN,2001,0
Bhutan,BTN,2002,0
Bhutan,BTN,2003,0
Bhutan,BTN,2004,0
Bhutan,BTN,2005,0
Bhutan,BTN,2006,0
Bhutan,BTN,2007,30
Bhutan,BTN,2008,33
Bhutan,BTN,2009,29
Bhutan,BTN,2010,27
Bhutan,BTN,2011,27
Bhutan,BTN,2012,30
Bhutan,BTN,2013,30
Bhutan,BTN,2014,30
Bhutan,BTN,2015,30
Bhutan,BTN,2016,30
Bhutan,BTN,2017,30
Bhutan,BTN,2018,52
Bhutan,BTN,2019,52
Bhutan,BTN,2020,52
Bhutan,BTN,2021,52
Bhutan,BTN,2022,50
Bhutan,BTN,2023,50
Bolivia,BOL,2000,100
Bolivia,BOL,2001,60
Bolivia,BOL,2002,33
Bolivia,BOL,2003,0
Bolivia,BOL,2004,0
Bolivia,BOL,2005,0
Bolivia,BOL,2006,0
Bolivia,BOL,2007,0
Bolivia,BOL,2008,14
Bolivia,BOL,2009,13
Bolivia,BOL,2010,11
Bolivia,BOL,2011,14
Bolivia,BOL,2012,14
Bolivia,BOL,2013,17
Bolivia,BOL,2014,17
Bolivia,BOL,2015,17
Bolivia,BOL,2016,17
Bolivia,BOL,2017,17
Bolivia,BOL,2018,0
Bolivia,BOL,2019,0
Bosnia and Herzegovina,BIH,2000,0
Bosnia and Herzegovina,BIH,2003,25
Bosnia and Herzegovina,BIH,2004,25
Bosnia and Herzegovina,BIH,2005,25
Bosnia and Herzegovina,BIH,2006,25
Bosnia and Herzegovina,BIH,2007,25
Bosnia and Herzegovina,BIH,2008,25
Bosnia and Herzegovina,BIH,2009,25
Bosnia and Herzegovina,BIH,2010,25
Bosnia and Herzegovina,BIH,2011,25
Bosnia and Herzegovina,BIH,2012,25
Botswana,BWA,2000,25
Botswana,BWA,2001,25
Botswana,BWA,2002,25
Botswana,BWA,2003,25
Botswana,BWA,2004,0
Botswana,BWA,2005,0
Botswana,BWA,2006,0
Botswana,BWA,2007,0
Botswana,BWA,2008,0
Botswana,BWA,2011,50
Botswana,BWA,2012,75
Botswana,BWA,2013,75
Botswana,BWA,2014,75
Botswana,BWA,2015,75
Botswana,BWA,2016,75
Botswana,BWA,2017,75
Botswana,BWA,2018,75
Botswana,BWA,2019,75
Botswana,BWA,2020,75
Botswana,BWA,2021,100
Botswana,BWA,2022,100
Botswana,BWA,2023,100
Brazil,BRA,2000,45
Brazil,BRA,2001,50
Brazil,BRA,2002,0
Brazil,BRA,2003,50
Brazil,BRA,2004,67
Brazil,BRA,2005,67
Brazil,BRA,2006,67
Brazil,BRA,2007,67
Brazil,BRA,2008,67
Brazil,BRA,2009,67
Brazil,BRA,2010,67
Brazil,BRA,2011,67
Brazil,BRA,2012,67
Brazil,BRA,2017,46
Brazil,BRA,2018,46
Brazil,BRA,2019,46
Brazil,BRA,2020,41
Brazil,BRA,2021,50
Brazil,BRA,2022,50
Brazil,BRA,2023,50
Bulgaria,BGR,2000,100
Bulgaria,BGR,2001,100
Bulgaria,BGR,2002,88
Bulgaria,BGR,2003,88
Bulgaria,BGR,2004,67
Bulgaria,BGR,2005,67
Bulgaria,BGR,2006,67
Bulgaria,BGR,2007,67
Bulgaria,BGR,2008,67
Bulgaria,BGR,2009,90
Bulgaria,BGR,2010,88
Bulgaria,BGR,2011,92
Bulgaria,BGR,2012,92
Bulgaria,BGR,2013,91
Bulgaria,BGR,2014,81
Bulgaria,BGR,2015,86
Bulgaria,BGR,2016,92
Bulgaria,BGR,2017,82
Bulgaria,BGR,2018,79
Bulgaria,BGR,2019,80
Bulgaria,BGR,2020,81
Bulgaria,BGR,2021,81
Bulgaria,BGR,2022,80
Bulgaria,BGR,2023,80
Burkina Faso,BFA,2000,40
Burkina Faso,BFA,2001,40
Burkina Faso,BFA,2002,40
Burkina Faso,BFA,2003,40
Burundi,BDI,2000,0
Burundi,BDI,2001,0
Burundi,BDI,2002,0
Burundi,BDI,2003,0
Burundi,BDI,2004,0
Burundi,BDI,2005,0
Burundi,BDI,2006,0
Burundi,BDI,2007,0
Burundi,BDI,2008,0
Burundi,BDI,2009,0
Burundi,BDI,2010,0
Burundi,BDI,2011,0
Burundi,BDI,2012,0
Burundi,BDI,2013,0
Burundi,BDI,2014,0
Burundi,BDI,2015,0
Burundi,BDI,2016,0
Burundi,BDI,2017,0
Burundi,BDI,2018,0
Burundi,BDI,2019,0
Burundi,BDI,2020,0
Burundi,BDI,2021,0
Burundi,BDI,2022,0
Burundi,BDI,2023,0
Cambodia,KHM,2000,13
Cambodia,KHM,2001,14
Cambodia,KHM,2002,14
Cambodia,KHM,2003,0
Cameroon,CMR,2000,25
Cameroon,CMR,2001,25
Cameroon,CMR,2002,0
Cameroon,CMR,2003,0
Cameroon,CMR,2004,0
Cameroon,CMR,2005,0
Cameroon,CMR,2006,0
Cameroon,CMR,2007,0
Cameroon,CMR,2008,0
Cameroon,CMR,2009,0
Cameroon,CMR,2010,0
Cameroon,CMR,2011,0
Cameroon,CMR,2012,0
Canada,CAN,2000,89
Canada,CAN,2001,90
Canada,CAN,2002,90
Canada,CAN,2003,90
Canada,CAN,2004,100
Canada,CAN,2005,100
Canada,CAN,2006,100
Canada,CAN,2007,100
Canada,CAN,2008,93
Canada,CAN,2009,100
Canada,CAN,2010,100
Canada,CAN,2011,93
Canada,CAN,2012,87
Canada,CAN,2013,93
Canada,CAN,2014,93
Canada,CAN,2015,93
Canada,CAN,2016,93
Canada,CAN,2017,88
Canada,CAN,2018,92
Canada,CAN,2019,88
Canada,CAN,2020,96
Canada,CAN,2021,96
Canada,CAN,2022,96
Canada,CAN,2023,96
Central and Southern Asia (UN),,2000,24
Central and Southern Asia (UN),,2001,16
Central and Southern Asia (UN),,2002,11
Central and Southern Asia (UN),,2003,10
Central and Southern Asia (UN),,2004,13
Central and Southern Asia (UN),,2005,13
Central and Southern Asia (UN),,2006,13
Central and Southern Asia (UN),,2007,13
Central and Southern Asia (UN),,2008,14
Central and Southern Asia (UN),,2009,15
Central and Southern Asia (UN),,2010,19
Central and Southern Asia (UN),,2011,21
Central and Southern Asia (UN),,2012,20
Chad,TCD,2000,47
Chad,TCD,2001,47
Chad,TCD,2002,47
Chad,TCD,2003,48
Chad,TCD,2004,0
Chad,TCD,2005,0
Chad,TCD,2006,0
Chad,TCD,2007,0
Chad,TCD,2008,0
Chad,TCD,2009,0
Chile,CHL,2000,0
Chile,CHL,2001,0
Chile,CHL,2002,0
Chile,CHL,2010,14
Chile,CHL,2011,14
Chile,CHL,2012,13
Chile,CHL,2013,7
Chile,CHL,2014,7
Chile,CHL,2015,28
Chile,CHL,2016,28
Chile,CHL,2017,17
Chile,CHL,2018,17
Chile,CHL,2019,11
Chile,CHL,2020,11
Chile,CHL,2021,11
Chile,CHL,2022,12
Chile,CHL,2023,12
China,CHN,2000,30
China,CHN,2001,29
China,CHN,2002,30
China,CHN,2003,26
China,CHN,2004,13
China,CHN,2005,12
China,CHN,2006,21
China,CHN,2007,21
China,CHN,2008,21
China,CHN,2009,21
China,CHN,2010,21
China,CHN,2011,21
China,CHN,2012,21
China,CHN,2013,22
China,CHN,2014,22
China,CHN,2015,24
China,CHN,2016,20
China,CHN,2017,17
China,CHN,2018,14
China,CHN,2019,11
China,CHN,2020,11
China,CHN,2021,13
China,CHN,2022,13
China,CHN,2023,13
Colombia,COL,2000,47
Colombia,COL,2001,47
Colombia,COL,2002,44
Colombia,COL,2003,42
Colombia,COL,2004,42
Colombia,COL,2005,42
Colombia,COL,2006,42
Colombia,COL,2007,42
Colombia,COL,2008,42
Colombia,COL,2009,33
Colombia,COL,2010,33
Colombia,COL,2011,33
Colombia,COL,2012,0
Colombia,COL,2018,25
Colombia,COL,2019,25
Colombia,COL,2020,25
Colombia,COL,2021,25
Colombia,COL,2022,25
Colombia,COL,2023,25
Comoros,COM,2003,0
Comoros,COM,2004,0
Comoros,COM,2005,0
Comoros,COM,2006,0
Comoros,COM,2007,0
Comoros,COM,2008,0
Comoros,COM,2009,0
Comoros,COM,2010,0
Comoros,COM,2011,0
Comoros,COM,2012,0
Cook Islands,COK,2000,50
Cook Islands,COK,2001,50
Cook Islands,COK,2002,50
Cook Islands,COK,2003,50
Cote d'Ivoire,CIV,2000,0
Cote d'Ivoire,CIV,2001,0
Cote d'Ivoire,CIV,2002,0
Cote d'Ivoire,CIV,2003,0
Cote d'Ivoire,CIV,2004,0
Cote d'Ivoire,CIV,2005,0
Cote d'Ivoire,CIV,2006,0
Cote d'Ivoire,CIV,2007,0
Cote d'Ivoire,CIV,2008,0
Cote d'Ivoire,CIV,2009,0
Cote d'Ivoire,CIV,2010,0
Croatia,HRV,2000,78
Croatia,HRV,2001,78
Croatia,HRV,2002,78
Croatia,HRV,2003,82
Croatia,HRV,2004,71
Croatia,HRV,2005,62
Croatia,HRV,2006,65
Croatia,HRV,2007,65
Croatia,HRV,2008,77
Croatia,HRV,2009,73
Croatia,HRV,2010,73
Croatia,HRV,2011,73
Croatia,HRV,2012,73
Croatia,HRV,2013,74
Croatia,HRV,2014,74
Croatia,HRV,2015,76
Croatia,HRV,2016,81
Croatia,HRV,2017,81
Croatia,HRV,2018,78
Croatia,HRV,2019,79
Croatia,HRV,2020,77
Croatia,HRV,2021,77
Croatia,HRV,2022,77
Croatia,HRV,2023,77
Cuba,CUB,2000,43
Cuba,CUB,2001,43
Cuba,CUB,2002,43
Cyprus,CYP,2000,50
Cyprus,CYP,2001,50
Cyprus,CYP,2002,50
Cyprus,CYP,2003,100
Cyprus,CYP,2004,42
Cyprus,CYP,2005,38
Cyprus,CYP,2006,46
Cyprus,CYP,2007,46
Cyprus,CYP,2008,46
Cyprus,CYP,2009,46
Cyprus,CYP,2010,46
Cyprus,CYP,2011,46
Cyprus,CYP,2012,46
Cyprus,CYP,2013,42
Cyprus,CYP,2014,80
Cyprus,CYP,2015,80
Cyprus,CYP,2016,67
Cyprus,CYP,2017,50
Cyprus,CYP,2018,100
Cyprus,CYP,2019,100
Cyprus,CYP,2020,100
Cyprus,CYP,2021,100
Cyprus,CYP,2022,100
Cyprus,CYP,2023,100
Czechia,CZE,2000,80
Czechia,CZE,2001,80
Czechia,CZE,2002,80
Czechia,CZE,2003,94
Czechia,CZE,2004,80
Czechia,CZE,2005,84
Czechia,CZE,2006,84
Czechia,CZE,2007,81
Czechia,CZE,2008,85
Czechia,CZE,2009,85
Czechia,CZE,2010,85
Czechia,CZE,2011,81
Czechia,CZE,2012,81
Czechia,CZE,2013,84
Czechia,CZE,2014,84
Czechia,CZE,2015,84
Czechia,CZE,2016,84
Czechia,CZE,2017,85
Czechia,CZE,2018,85
Czechia,CZE,2019,85
Czechia,CZE,2020,85
Czechia,CZE,2021,85
Czechia,CZE,2022,85
Czechia,CZE,2023,85
Denmark,DNK,2000,83
Denmark,DNK,2001,83
Denmark,DNK,2002,83
Denmark,DNK,2003,83
Denmark,DNK,2004,94
Denmark,DNK,2005,95
Denmark,DNK,2006,95
Denmark,DNK,2007,95
Denmark,DNK,2008,100
Denmark,DNK,2009,100
Denmark,DNK,2010,100
Denmark,DNK,2011,100
Denmark,DNK,2012,62
Denmark,DNK,2013,94
Denmark,DNK,2014,68
Denmark,DNK,2015,87
Denmark,DNK,2016,95
Denmark,DNK,2017,85
Denmark,DNK,2018,92
Denmark,DNK,2019,85
Denmark,DNK,2020,85
Denmark,DNK,2021,88
Denmark,DNK,2022,90
Denmark,DNK,2023,90
Dominican Republic,DOM,2000,100
Dominican Republic,DOM,2001,100
Dominican Republic,DOM,2002,100
Dominican Republic,DOM,2003,100
Dominican Republic,DOM,2004,100
Dominican Republic,DOM,2005,100
Dominican Republic,DOM,2006,100
Dominican Republic,DOM,2007,100
Dominican Republic,DOM,2008,100
Dominican Republic,DOM,2009,100
Dominican Republic,DOM,2010,100
Dominican Republic,DOM,2011,100
Dominican Republic,DOM,2012,100
Dominican Republic,DOM,2013,100
Dominican Republic,DOM,2022,0
Dominican Republic,DOM,2023,0
Eastern and South-Eastern Asia (UN),,2000,31
Eastern and South-Eastern Asia (UN),,2001,31
Eastern and South-Eastern Asia (UN),,2002,28
Eastern and South-Eastern Asia (UN),,2003,26
Eastern and South-Eastern Asia (UN),,2004,24
Eastern and South-Eastern Asia (UN),,2005,22
Eastern and South-Eastern Asia (UN),,2006,24
Eastern and South-Eastern Asia (UN),,2007,22
Eastern and South-Eastern Asia (UN),,2008,22
Eastern and South-Eastern Asia (UN),,2009,22
Eastern and South-Eastern Asia (UN),,2010,23
Eastern and South-Eastern Asia (UN),,2011,23
Eastern and South-Eastern Asia (UN),,2012,25
Eastern and South-Eastern Asia (UN),,2013,26
Eastern and South-Eastern Asia (UN),,2016,30
Eastern and South-Eastern Asia (UN),,2017,32
Ecuador,ECU,2000,20
Ecuador,ECU,2001,20
Ecuador,ECU,2002,17
Ecuador,ECU,2003,25
Ecuador,ECU,2004,33
Ecuador,ECU,2005,33
Ecuador,ECU,2006,33
Ecuador,ECU,2007,50
Ecuador,ECU,2008,40
Ecuador,ECU,2009,40
Ecuador,ECU,2010,40
Ecuador,ECU,2011,40
Ecuador,ECU,2012,50
Ecuador,ECU,2013,50
Ecuador,ECU,2014,50
Ecuador,ECU,2015,50
Ecuador,ECU,2016,50
Ecuador,ECU,2017,0
Ecuador,ECU,2018,29
Ecuador,ECU,2019,29
Ecuador,ECU,2020,29
Ecuador,ECU,2021,29
Ecuador,ECU,2022,29
Ecuador,ECU,2023,29
Egypt,EGY,2000,6
Egypt,EGY,2001,6
Egypt,EGY,2002,4
Egypt,EGY,2003,100
Egypt,EGY,2004,100
Egypt,EGY,2005,100
Egypt,EGY,2006,100
Egypt,EGY,2007,100
Egypt,EGY,2008,100
Egypt,EGY,2009,100
Egypt,EGY,2010,100
Egypt,EGY,2011,100
Egypt,EGY,2012,100
El Salvador,SLV,2000,0
El Salvador,SLV,2001,0
El Salvador,SLV,2002,0
El Salvador,SLV,2003,0
El Salvador,SLV,2004,0
Eritrea,ERI,2000,0
Eritrea,ERI,2001,0
Estonia,EST,2000,70
Estonia,EST,2001,70
Estonia,EST,2002,70
Estonia,EST,2003,70
Estonia,EST,2004,60
Estonia,EST,2005,60
Estonia,EST,2006,60
Estonia,EST,2007,67
Estonia,EST,2008,67
Estonia,EST,2009,67
Estonia,EST,2010,67
Estonia,EST,2011,67
Estonia,EST,2012,67
Estonia,EST,2013,67
Estonia,EST,2014,67
Estonia,EST,2015,67
Estonia,EST,2016,67
Estonia,EST,2017,100
Estonia,EST,2018,100
Estonia,EST,2019,100
Estonia,EST,2020,100
Estonia,EST,2021,100
Estonia,EST,2022,100
Estonia,EST,2023,100
Eswatini,SWZ,2000,0
Eswatini,SWZ,2001,0
Eswatini,SWZ,2002,0
Eswatini,SWZ,2003,100
Eswatini,SWZ,2004,100
Eswatini,SWZ,2005,100
Eswatini,SWZ,2006,100
Eswatini,SWZ,2007,100
Eswatini,SWZ,2008,100
Eswatini,SWZ,2009,100
Eswatini,SWZ,2010,100
Eswatini,SWZ,2011,100
Eswatini,SWZ,2012,100
Ethiopia,ETH,2000,0
Ethiopia,ETH,2001,0
Ethiopia,ETH,2002,0
Ethiopia,ETH,2003,0
Ethiopia,ETH,2004,0
Ethiopia,ETH,2005,13
Ethiopia,ETH,2006,13
Ethiopia,ETH,2007,9
Ethiopia,ETH,2008,5
Ethiopia,ETH,2009,7
Ethiopia,ETH,2010,7
Ethiopia,ETH,2011,7
Ethiopia,ETH,2012,7
Ethiopia,ETH,2013,7
Ethiopia,ETH,2014,7
Ethiopia,ETH,2015,0
Ethiopia,ETH,2016,0
Ethiopia,ETH,2017,0
Ethiopia,ETH,2018,50
Ethiopia,ETH,2019,50
Ethiopia,ETH,2020,33
Ethiopia,ETH,2021,33
Ethiopia,ETH,2022,33
Ethiopia,ETH,2023,33
Europe (UN),,2000,75
Europe (UN),,2001,76
Europe (UN),,2002,76
Europe (UN),,2003,73
Europe (UN),,2004,75
Europe (UN),,2005,76
Europe (UN),,2006,77
Europe (UN),,2007,78
Europe (UN),,2008,79
Europe (UN),,2009,79
Europe (UN),,2010,79
Europe (UN),,2011,80
Europe (UN),,2012,80
Europe (UN),,2013,85
Europe (UN),,2014,84
Europe (UN),,2015,85
Europe (UN),,2016,86
Europe (UN),,2017,85
Europe (UN),,2018,86
Europe (UN),,2019,84
Europe (UN),,2020,83
Europe (UN),,2021,83
Europe (UN),,2022,83
Europe (UN),,2023,82
Europe and Northern America (UN),,2000,76
Europe and Northern America (UN),,2001,76
Europe and Northern America (UN),,2002,77
Europe and Northern America (UN),,2003,73
Europe and Northern America (UN),,2004,75
Europe and Northern America (UN),,2005,77
Europe and Northern America (UN),,2006,78
Europe and Northern America (UN),,2007,79
Europe and Northern America (UN),,2008,80
Europe and Northern America (UN),,2009,80
Europe and Northern America (UN),,2010,80
Europe and Northern America (UN),,2011,80
Europe and Northern America (UN),,2012,80
Europe and Northern America (UN),,2013,85
Europe and Northern America (UN),,2014,84
Europe and Northern America (UN),,2015,85
Europe and Northern America (UN),,2016,86
Europe and Northern America (UN),,2017,85
Europe and Northern America (UN),,2018,86
Europe and Northern America (UN),,2019,84
Europe and Northern America (UN),,2020,83
Europe and Northern America (UN),,2021,83
Europe and Northern America (UN),,2022,83
Europe and Northern America (UN),,2023,82
Falkland Islands,FLK,2000,67
Falkland Islands,FLK,2001,67
Falkland Islands,FLK,2002,67
Faroe Islands,FRO,2000,0
Faroe Islands,FRO,2001,0
Faroe Islands,FRO,2002,0
Faroe Islands,FRO,2003,0
Faroe Islands,FRO,2004,0
Faroe Islands,FRO,2005,0
Faroe Islands,FRO,2006,0
Faroe Islands,FRO,2007,0
Faroe Islands,FRO,2016,100
Faroe Islands,FRO,2017,50
Faroe Islands,FRO,2018,50
Faroe Islands,FRO,2019,50
Faroe Islands,FRO,2020,50
Faroe Islands,FRO,2021,50
Faroe Islands,FRO,2022,50
Faroe Islands,FRO,2023,50
Fiji,FJI,2004,0
Fiji,FJI,2005,0
Fiji,FJI,2006,0
Fiji,FJI,2007,0
Fiji,FJI,2008,0
Fiji,FJI,2009,0
Fiji,FJI,2010,0
Fiji,FJI,2011,0
Fiji,FJI,2012,0
Fiji,FJI,2013,0
Finland,FIN,2000,56
Finland,FIN,2001,60
Finland,FIN,2002,60
Finland,FIN,2003,60
Finland,FIN,2004,91
Finland,FIN,2005,91
Finland,FIN,2006,91
Finland,FIN,2007,91
Finland,FIN,2008,91
Finland,FIN,2009,82
Finland,FIN,2010,89
Finland,FIN,2011,84
Finland,FIN,2012,84
Finland,FIN,2013,84
Finland,FIN,2014,83
Finland,FIN,2015,83
Finland,FIN,2016,83
Finland,FIN,2017,83
Finland,FIN,2018,82
Finland,FIN,2019,80
Finland,FIN,2020,76
Finland,FIN,2021,80
Finland,FIN,2022,80
Finland,FIN,2023,80
France,FRA,2000,49
France,FRA,2001,57
France,FRA,2002,57
France,FRA,2003,57
France,FRA,2004,56
France,FRA,2005,72
France,FRA,2006,72
France,FRA,2007,72
France,FRA,2008,69
France,FRA,2009,69
France,FRA,2010,70
France,FRA,2011,88
France,FRA,2012,88
France,FRA,2013,88
France,FRA,2014,78
France,FRA,2015,79
France,FRA,2016,79
France,FRA,2017,79
France,FRA,2018,78
France,FRA,2019,78
France,FRA,2020,78
France,FRA,2021,78
France,FRA,2022,78
France,FRA,2023,78
French Guiana,GUF,2000,100
French Guiana,GUF,2001,100
French Guiana,GUF,2002,100
French Guiana,GUF,2003,100
Georgia,GEO,2001,0
Georgia,GEO,2002,0
Georgia,GEO,2003,0
Georgia,GEO,2004,0
Georgia,GEO,2005,0
Georgia,GEO,2006,0
Georgia,GEO,2007,0
Georgia,GEO,2008,0
Georgia,GEO,2009,0
Georgia,GEO,2010,0
Germany,DEU,2000,82
Germany,DEU,2001,82
Germany,DEU,2002,82
Germany,DEU,2003,83
Germany,DEU,2004,82
Germany,DEU,2005,84
Germany,DEU,2006,84
Germany,DEU,2007,83
Germany,DEU,2008,86
Germany,DEU,2009,85
Germany,DEU,2010,86
Germany,DEU,2011,86
Germany,DEU,2012,86
Germany,DEU,2013,87
Germany,DEU,2014,88
Germany,DEU,2015,88
Germany,DEU,2016,90
Germany,DEU,2017,90
Germany,DEU,2018,90
Germany,DEU,2019,89
Germany,DEU,2020,88
Germany,DEU,2021,88
Germany,DEU,2022,88
Germany,DEU,2023,88
Ghana,GHA,2000,27
Ghana,GHA,2001,27
Ghana,GHA,2002,27
Ghana,GHA,2003,50
Ghana,GHA,2004,0
Ghana,GHA,2005,0
Ghana,GHA,2006,0
Ghana,GHA,2007,0
Ghana,GHA,2008,0
Ghana,GHA,2009,0
Ghana,GHA,2010,0
Ghana,GHA,2011,0
Ghana,GHA,2012,0
Ghana,GHA,2013,0
Ghana,GHA,2014,0
Ghana,GHA,2015,0
Greece,GRC,2000,79
Greece,GRC,2001,65
Greece,GRC,2002,69
Greece,GRC,2003,69
Greece,GRC,2004,69
Greece,GRC,2005,73
Greece,GRC,2006,70
Greece,GRC,2007,68
Greece,GRC,2008,71
Greece,GRC,2009,70
Greece,GRC,2010,70
Greece,GRC,2011,74
Greece,GRC,2012,70
Greece,GRC,2013,73
Greece,GRC,2014,72
Greece,GRC,2015,68
Greece,GRC,2016,68
Greece,GRC,2017,73
Greece,GRC,2018,73
Greece,GRC,2019,68
Greece,GRC,2020,64
Greece,GRC,2021,61
Greece,GRC,2022,61
Greece,GRC,2023,61
Greenland,GRL,2000,0
Greenland,GRL,2001,0
Guam,GUM,2000,0
Guam,GUM,2001,0
Guatemala,GTM,2000,50
Guatemala,GTM,2001,50
Guatemala,GTM,2002,50
Guatemala,GTM,2003,50
Guatemala,GTM,2004,50
Guatemala,GTM,2005,50
Guatemala,GTM,2006,50
Guatemala,GTM,2007,50
Guatemala,GTM,2008,50
Guatemala,GTM,2009,50
Guatemala,GTM,2010,100
Guatemala,GTM,2011,100
Guatemala,GTM,2012,100
Guatemala,GTM,2013,100
Guatemala,GTM,2014,100
Guatemala,GTM,2015,100
Guatemala,GTM,2016,100
Guatemala,GTM,2017,100
Guinea,GIN,2000,0
Guinea,GIN,2001,0
Guinea,GIN,2002,0
Guinea,GIN,2003,0
Guinea,GIN,2004,0
Guinea,GIN,2005,0
Guinea,GIN,2006,0
Guinea,GIN,2007,0
Guinea,GIN,2008,0
Guinea,GIN,2009,0
Guinea,GIN,2010,0
Guinea,GIN,2011,0
Guinea,GIN,2012,0
Guinea,GIN,2013,0
Guinea,GIN,2014,0
Guinea-Bissau,GNB,2003,0
Guinea-Bissau,GNB,2004,0
Guinea-Bissau,GNB,2005,0
Guinea-Bissau,GNB,2006,0
Guinea-Bissau,GNB,2007,0
Guinea-Bissau,GNB,2008,0
Guinea-Bissau,GNB,2009,0
Guinea-Bissau,GNB,2010,0
Guinea-Bissau,GNB,2011,0
Guinea-Bissau,GNB,2012,0
Honduras,HND,2000,0
Honduras,HND,2001,0
Honduras,HND,2002,0
Honduras,HND,2003,0
Honduras,HND,2004,0
Honduras,HND,2005,0
Honduras,HND,2006,0
Honduras,HND,2007,0
Honduras,HND,2008,0
Honduras,HND,2009,0
Hungary,HUN,2000,70
Hungary,HUN,2001,71
Hungary,HUN,2002,65
Hungary,HUN,2003,67
Hungary,HUN,2004,74
Hungary,HUN,2005,73
Hungary,HUN,2006,74
Hungary,HUN,2007,76
Hungary,HUN,2008,79
Hungary,HUN,2009,77
Hungary,HUN,2010,80
Hungary,HUN,2011,80
Hungary,HUN,2012,85
Hungary,HUN,2013,87
Hungary,HUN,2014,88
Hungary,HUN,2015,87
Hungary,HUN,2016,89
Hungary,HUN,2017,80
Hungary,HUN,2018,81
Hungary,HUN,2019,68
Hungary,HUN,2020,57
Hungary,HUN,2021,57
Hungary,HUN,2022,55
Hungary,HUN,2023,55
Iceland,ISL,2000,33
Iceland,ISL,2001,33
Iceland,ISL,2002,33
Iceland,ISL,2003,33
Iceland,ISL,2004,33
Iceland,ISL,2005,33
Iceland,ISL,2006,33
Iceland,ISL,2007,33
Iceland,ISL,2008,33
Iceland,ISL,2009,33
Iceland,ISL,2010,33
Iceland,ISL,2011,33
Iceland,ISL,2012,33
Iceland,ISL,2013,33
Iceland,ISL,2014,33
Iceland,ISL,2015,33
Iceland,ISL,2016,33
Iceland,ISL,2017,33
Iceland,ISL,2018,33
Iceland,ISL,2019,33
Iceland,ISL,2020,17
Iceland,ISL,2021,17
Iceland,ISL,2022,17
Iceland,ISL,2023,17
India,IND,2000,67
India,IND,2001,20
India,IND,2002,20
India,IND,2003,20
India,IND,2004,0
India,IND,2005,0
India,IND,2006,14
India,IND,2007,9
India,IND,2008,9
India,IND,2009,15
India,IND,2010,13
India,IND,2011,27
India,IND,2012,15
India,IND,2013,11
India,IND,2014,11
India,IND,2015,12
India,IND,2016,13
India,IND,2017,13
India,IND,2018,13
India,IND,2019,12
India,IND,2020,12
India,IND,2021,11
India,IND,2022,14
India,IND,2023,14
Indonesia,IDN,2000,25
Indonesia,IDN,2001,25
Indonesia,IDN,2002,20
Indonesia,IDN,2003,20
Indonesia,IDN,2004,20
Indonesia,IDN,2005,20
Indonesia,IDN,2006,19
Indonesia,IDN,2007,4
Indonesia,IDN,2008,4
Indonesia,IDN,2009,4
Indonesia,IDN,2010,6
Indonesia,IDN,2011,8
Indonesia,IDN,2012,10
Indonesia,IDN,2013,13
Indonesia,IDN,2014,14
Indonesia,IDN,2015,14
Indonesia,IDN,2016,16
Indonesia,IDN,2017,16
Indonesia,IDN,2018,21
Indonesia,IDN,2019,24
Indonesia,IDN,2020,27
Indonesia,IDN,2021,36
Indonesia,IDN,2022,42
Indonesia,IDN,2023,41
Iran,IRN,2000,9
Iran,IRN,2001,9
Iran,IRN,2002,9
Iran,IRN,2003,23
Iran,IRN,2004,23
Iran,IRN,2005,23
Iran,IRN,2006,23
Iran,IRN,2007,17
Iran,IRN,2008,17
Iran,IRN,2009,17
Iran,IRN,2010,100
Iran,IRN,2011,100
Iran,IRN,2012,100
Iraq,IRQ,2000,55
Iraq,IRQ,2001,55
Iraq,IRQ,2002,55
Iraq,IRQ,2003,55
Iraq,IRQ,2004,0
Iraq,IRQ,2005,0
Iraq,IRQ,2006,0
Iraq,IRQ,2007,0
Iraq,IRQ,2008,0
Iraq,IRQ,2009,0
Iraq,IRQ,2010,0
Iraq,IRQ,2011,0
Iraq,IRQ,2012,0
Iraq,IRQ,2013,0
Iraq,IRQ,2014,0
Iraq,IRQ,2015,0
Iraq,IRQ,2016,0
Iraq,IRQ,2017,0
Ireland,IRL,2000,62
Ireland,IRL,2001,62
Ireland,IRL,2002,62
Ireland,IRL,2003,69
Ireland,IRL,2004,82
Ireland,IRL,2005,82
Ireland,IRL,2006,90
Ireland,IRL,2007,91
Ireland,IRL,2008,91
Ireland,IRL,2009,92
Ireland,IRL,2010,92
Ireland,IRL,2011,89
Ireland,IRL,2012,80
Ireland,IRL,2013,83
Ireland,IRL,2014,83
Ireland,IRL,2015,83
Ireland,IRL,2016,83
Ireland,IRL,2017,84
Ireland,IRL,2018,83
Ireland,IRL,2019,83
Ireland,IRL,2020,83
Ireland,IRL,2021,77
Ireland,IRL,2022,100
Ireland,IRL,2023,100
Italy,ITA,2000,85
Italy,ITA,2001,89
Italy,ITA,2002,87
Italy,ITA,2003,88
Italy,ITA,2004,89
Italy,ITA,2005,88
Italy,ITA,2006,88
Italy,ITA,2007,89
Italy,ITA,2008,87
Italy,ITA,2009,87
Italy,ITA,2010,82
Italy,ITA,2011,86
Italy,ITA,2012,87
Italy,ITA,2013,86
Italy,ITA,2014,87
Italy,ITA,2015,87
Italy,ITA,2016,87
Italy,ITA,2017,87
Italy,ITA,2018,93
Italy,ITA,2019,90
Italy,ITA,2020,90
Italy,ITA,2021,89
Italy,ITA,2022,89
Italy,ITA,2023,89
Jamaica,JAM,2005,100
Jamaica,JAM,2006,100
Jamaica,JAM,2007,100
Jamaica,JAM,2008,100
Jamaica,JAM,2009,100
Jamaica,JAM,2010,100
Jamaica,JAM,2011,100
Jamaica,JAM,2012,100
Jamaica,JAM,2013,100
Jamaica,JAM,2014,100
Japan,JPN,2000,60
Japan,JPN,2001,62
Japan,JPN,2002,62
Japan,JPN,2003,60
Japan,JPN,2004,60
Japan,JPN,2005,57
Japan,JPN,2006,58
Japan,JPN,2007,63
Japan,JPN,2008,58
Japan,JPN,2009,70
Japan,JPN,2010,70
Japan,JPN,2011,68
Japan,JPN,2012,68
Japan,JPN,2013,67
Japan,JPN,2014,63
Japan,JPN,2015,63
Japan,JPN,2016,75
Japan,JPN,2017,75
Jordan,JOR,2000,0
Jordan,JOR,2001,0
Jordan,JOR,2003,0
Jordan,JOR,2004,0
Jordan,JOR,2005,0
Jordan,JOR,2006,0
Jordan,JOR,2007,0
Jordan,JOR,2008,0
Jordan,JOR,2009,0
Jordan,JOR,2010,0
Jordan,JOR,2011,0
Jordan,JOR,2012,0
Kazakhstan,KAZ,2000,100
Kazakhstan,KAZ,2001,100
Kazakhstan,KAZ,2002,100
Kazakhstan,KAZ,2003,0
Kazakhstan,KAZ,2004,0
Kazakhstan,KAZ,2005,0
Kazakhstan,KAZ,2006,0
Kazakhstan,KAZ,2007,0
Kazakhstan,KAZ,2008,0
Kazakhstan,KAZ,2009,0
Kazakhstan,KAZ,2010,0
Kazakhstan,KAZ,2011,0
Kazakhstan,KAZ,2012,0
Kenya,KEN,2000,0
Kenya,KEN,2001,0
Kenya,KEN,2002,0
Kenya,KEN,2007,0
Kenya,KEN,2008,0
Kenya,KEN,2009,0
Kenya,KEN,2010,0
Kenya,KEN,2011,0
Kenya,KEN,2012,0
Kenya,KEN,2013,0
Kenya,KEN,2014,0
Kenya,KEN,2015,0
Kenya,KEN,2016,0
Kenya,KEN,2017,0
Kenya,KEN,2018,0
Kenya,KEN,2019,0
Kenya,KEN,2020,0
Kenya,KEN,2021,0
Kenya,KEN,2022,0
Kenya,KEN,2023,0
Kyrgyzstan,KGZ,2000,0
Kyrgyzstan,KGZ,2001,0
Kyrgyzstan,KGZ,2002,14
Kyrgyzstan,KGZ,2003,13
Kyrgyzstan,KGZ,2004,13
Kyrgyzstan,KGZ,2005,13
Kyrgyzstan,KGZ,2006,13
Kyrgyzstan,KGZ,2007,13
Kyrgyzstan,KGZ,2008,13
Kyrgyzstan,KGZ,2009,13
Kyrgyzstan,KGZ,2010,13
Kyrgyzstan,KGZ,2011,13
Kyrgyzstan,KGZ,2012,0
Laos,LAO,2000,8
Laos,LAO,2001,8
Laos,LAO,2002,8
Laos,LAO,2003,8
Laos,LAO,2004,25
Laos,LAO,2005,25
Laos,LAO,2006,50
Laos,LAO,2007,50
Laos,LAO,2008,33
Laos,LAO,2009,33
Laos,LAO,2010,33
Laos,LAO,2011,33
Laos,LAO,2012,33
Laos,LAO,2013,33
Latvia,LVA,2000,50
Latvia,LVA,2001,50
Latvia,LVA,2002,50
Latvia,LVA,2003,50
Latvia,LVA,2004,33
Latvia,LVA,2005,33
Latvia,LVA,2006,33
Latvia,LVA,2007,33
Latvia,LVA,2008,33
Latvia,LVA,2009,33
Latvia,LVA,2010,33
Latvia,LVA,2011,33
Latvia,LVA,2012,33
Latvia,LVA,2013,86
Latvia,LVA,2014,86
Latvia,LVA,2015,86
Latvia,LVA,2016,86
Latvia,LVA,2017,86
Latvia,LVA,2018,86
Latvia,LVA,2019,86
Latvia,LVA,2020,87
Latvia,LVA,2021,87
Latvia,LVA,2022,87
Latvia,LVA,2023,87
Least Developed Countries (LDCs),,2000,17
Least Developed Countries (LDCs),,2001,22
Least Developed Countries (LDCs),,2002,23
Least Developed Countries (LDCs),,2003,25
Least Developed Countries (LDCs),,2005,24
Lesotho,LSO,2000,0
Lesotho,LSO,2001,0
Lesotho,LSO,2002,0
Lesotho,LSO,2003,0
Lesotho,LSO,2005,100
Lesotho,LSO,2006,100
Lesotho,LSO,2007,100
Lesotho,LSO,2008,100
Lesotho,LSO,2009,100
Lesotho,LSO,2010,100
Lesotho,LSO,2011,100
Lesotho,LSO,2012,100
Lesotho,LSO,2013,100
Lesotho,LSO,2014,100
Lesotho,LSO,2022,0
Lesotho,LSO,2023,0
Libya,LBY,2020,0
Libya,LBY,2021,0
Libya,LBY,2022,0
Libya,LBY,2023,0
Lithuania,LTU,2000,55
Lithuania,LTU,2001,67
Lithuania,LTU,2002,67
Lithuania,LTU,2003,54
Lithuania,LTU,2004,50
Lithuania,LTU,2005,50
Lithuania,LTU,2006,50
Lithuania,LTU,2007,50
Lithuania,LTU,2008,50
Lithuania,LTU,2009,50
Lithuania,LTU,2010,55
Lithuania,LTU,2011,50
Lithuania,LTU,2012,50
Lithuania,LTU,2016,100
Lithuania,LTU,2017,92
Lithuania,LTU,2018,94
Lithuania,LTU,2019,94
Lithuania,LTU,2020,88
Lithuania,LTU,2021,83
Lithuania,LTU,2022,82
Lithuania,LTU,2023,82
Luxembourg,LUX,2013,99
Luxembourg,LUX,2014,99
Luxembourg,LUX,2015,99
Luxembourg,LUX,2016,99
Luxembourg,LUX,2017,99
Luxembourg,LUX,2018,99
Luxembourg,LUX,2019,99
Luxembourg,LUX,2020,99
Luxembourg,LUX,2021,99
Luxembourg,LUX,2022,99
Madagascar,MDG,2000,22
Madagascar,MDG,2001,22
Madagascar,MDG,2002,22
Madagascar,MDG,2003,30
Madagascar,MDG,2004,33
Madagascar,MDG,2005,33
Madagascar,MDG,2006,33
Madagascar,MDG,2007,33
Madagascar,MDG,2008,33
Madagascar,MDG,2009,100
Madagascar,MDG,2010,100
Madagascar,MDG,2011,100
Madagascar,MDG,2012,100
Malawi,MWI,2000,0
Malawi,MWI,2001,0
Malawi,MWI,2002,0
Malawi,MWI,2003,0
Malawi,MWI,2004,0
Malawi,MWI,2005,0
Malawi,MWI,2006,0
Malawi,MWI,2007,0
Malawi,MWI,2008,0
Malawi,MWI,2009,0
Malawi,MWI,2010,0
Malawi,MWI,2011,0
Malawi,MWI,2012,0
Malawi,MWI,2013,0
Malawi,MWI,2014,0
Malawi,MWI,2015,0
Malawi,MWI,2016,0
Malawi,MWI,2017,0
Malawi,MWI,2018,0
Malawi,MWI,2019,0
Malawi,MWI,2020,0
Malawi,MWI,2021,0
Malawi,MWI,2022,0
Malaysia,MYS,2000,42
Malaysia,MYS,2001,42
Malaysia,MYS,2002,42
Malaysia,MYS,2003,45
Malaysia,MYS,2004,45
Malaysia,MYS,2005,45
Malaysia,MYS,2006,50
Malaysia,MYS,2007,50
Malaysia,MYS,2008,55
Malaysia,MYS,2009,55
Malaysia,MYS,2010,64
Malaysia,MYS,2011,64
Malaysia,MYS,2012,64
Malaysia,MYS,2013,64
Malaysia,MYS,2014,64
Malaysia,MYS,2015,62
Malaysia,MYS,2016,70
Malaysia,MYS,2017,67
Malaysia,MYS,2018,56
Malaysia,MYS,2019,60
Malaysia,MYS,2020,43
Malaysia,MYS,2021,43
Malaysia,MYS,2022,43
Malaysia,MYS,2023,43
Maldives,MDV,2000,0
Maldives,MDV,2001,0
Maldives,MDV,2002,0
Maldives,MDV,2003,0
Mali,MLI,2000,17
Mali,MLI,2001,17
Mali,MLI,2015,0
Mali,MLI,2016,0
Mali,MLI,2017,0
Mali,MLI,2018,0
Mali,MLI,2019,0
Mali,MLI,2020,0
Mali,MLI,2021,0
Mali,MLI,2022,0
Mali,MLI,2023,0
Malta,MLT,2000,100
Malta,MLT,2001,100
Malta,MLT,2002,100
Malta,MLT,2003,100
Malta,MLT,2004,100
Malta,MLT,2005,100
Malta,MLT,2006,100
Malta,MLT,2007,100
Malta,MLT,2008,100
Mauritania,MRT,2000,0
Mauritania,MRT,2001,0
Mauritania,MRT,2020,0
Mauritania,MRT,2021,0
Mauritania,MRT,2022,0
Mauritania,MRT,2023,0
Mauritius,MUS,2000,100
Mauritius,MUS,2001,100
Mauritius,MUS,2002,100
Mauritius,MUS,2003,100
Mauritius,MUS,2004,100
Mauritius,MUS,2005,100
Mauritius,MUS,2006,100
Mauritius,MUS,2007,100
Mauritius,MUS,2008,100
Mauritius,MUS,2009,100
Mauritius,MUS,2010,100
Mauritius,MUS,2011,100
Mauritius,MUS,2012,100
Mauritius,MUS,2013,100
Mauritius,MUS,2014,100
Mauritius,MUS,2015,100
Mauritius,MUS,2016,100
Mauritius,MUS,2017,100
Mauritius,MUS,2018,100
Mauritius,MUS,2019,100
Mauritius,MUS,2020,100
Mauritius,MUS,2021,100
Mauritius,MUS,2022,100
Mauritius,MUS,2023,100
Mexico,MEX,2000,50
Mexico,MEX,2001,100
Mexico,MEX,2002,67
Mexico,MEX,2003,60
Mexico,MEX,2004,60
Mexico,MEX,2005,60
Mexico,MEX,2006,60
Mexico,MEX,2007,60
Mexico,MEX,2008,60
Mexico,MEX,2009,60
Mexico,MEX,2010,70
Mexico,MEX,2011,70
Mexico,MEX,2012,80
Mexico,MEX,2013,80
Mexico,MEX,2014,60
Mexico,MEX,2015,60
Mexico,MEX,2016,50
Mexico,MEX,2017,50
Mexico,MEX,2018,50
Mexico,MEX,2019,50
Mexico,MEX,2020,0
Mexico,MEX,2021,0
Mexico,MEX,2022,0
Mexico,MEX,2023,0
Moldova,MDA,2000,43
Moldova,MDA,2001,43
Moldova,MDA,2002,70
Moldova,MDA,2003,70
Moldova,MDA,2004,83
Moldova,MDA,2005,83
Moldova,MDA,2006,83
Moldova,MDA,2007,83
Moldova,MDA,2008,83
Moldova,MDA,2009,83
Moldova,MDA,2010,80
Moldova,MDA,2011,80
Mongolia,MNG,2000,11
Mongolia,MNG,2001,13
Mongolia,MNG,2002,19
Mongolia,MNG,2003,20
Mongolia,MNG,2004,20
Mongolia,MNG,2005,17
Mongolia,MNG,2006,17
Mongolia,MNG,2007,13
Mongolia,MNG,2008,13
Mongolia,MNG,2009,13
Mongolia,MNG,2010,13
Mongolia,MNG,2011,13
Mongolia,MNG,2012,0
Mongolia,MNG,2013,0
Mongolia,MNG,2014,0
Mongolia,MNG,2015,0
Mongolia,MNG,2016,0
Mongolia,MNG,2017,31
Mongolia,MNG,2018,31
Mongolia,MNG,2019,27
Mongolia,MNG,2020,27
Mongolia,MNG,2021,27
Mongolia,MNG,2022,28
Mongolia,MNG,2023,28
Montenegro,MNE,2008,50
Montenegro,MNE,2009,67
Montenegro,MNE,2010,100
Montenegro,MNE,2011,89
Montenegro,MNE,2012,80
Montenegro,MNE,2013,80
Montenegro,MNE,2014,80
Montenegro,MNE,2015,80
Montenegro,MNE,2016,82
Montenegro,MNE,2017,83
Montenegro,MNE,2018,83
Montenegro,MNE,2019,83
Montenegro,MNE,2020,83
Montenegro,MNE,2021,92
Montenegro,MNE,2022,92
Montenegro,MNE,2023,92
Morocco,MAR,2000,9
Morocco,MAR,2001,9
Morocco,MAR,2002,9
Morocco,MAR,2003,0
Morocco,MAR,2004,0
Morocco,MAR,2005,0
Morocco,MAR,2006,0
Morocco,MAR,2007,0
Morocco,MAR,2008,0
Morocco,MAR,2009,0
Morocco,MAR,2010,0
Morocco,MAR,2011,0
Morocco,MAR,2012,0
Morocco,MAR,2013,0
Morocco,MAR,2014,0
Morocco,MAR,2017,100
Morocco,MAR,2018,25
Morocco,MAR,2019,38
Morocco,MAR,2020,38
Morocco,MAR,2021,42
Morocco,MAR,2022,42
Morocco,MAR,2023,42
Mozambique,MOZ,2000,33
Mozambique,MOZ,2001,33
Mozambique,MOZ,2002,50
Mozambique,MOZ,2003,50
Mozambique,MOZ,2004,50
Mozambique,MOZ,2005,50
Mozambique,MOZ,2006,50
Mozambique,MOZ,2007,50
Mozambique,MOZ,2008,50
Mozambique,MOZ,2009,50
Mozambique,MOZ,2010,33
Mozambique,MOZ,2011,33
Mozambique,MOZ,2012,0
Mozambique,MOZ,2013,0
Mozambique,MOZ,2014,0
Mozambique,MOZ,2015,0
Mozambique,MOZ,2016,0
Mozambique,MOZ,2017,0
Mozambique,MOZ,2018,0
Mozambique,MOZ,2019,0
Mozambique,MOZ,2020,0
Mozambique,MOZ,2021,0
Mozambique,MOZ,2022,0
Mozambique,MOZ,2023,0
Myanmar,MMR,2000,24
Myanmar,MMR,2001,21
Myanmar,MMR,2002,21
Myanmar,MMR,2003,21
Myanmar,MMR,2004,17
Myanmar,MMR,2005,50
Myanmar,MMR,2006,50
Namibia,NAM,2000,100
Namibia,NAM,2001,100
Namibia,NAM,2002,100
Namibia,NAM,2003,100
Namibia,NAM,2014,63
Namibia,NAM,2015,63
Namibia,NAM,2016,63
Namibia,NAM,2017,63
Namibia,NAM,2018,63
Namibia,NAM,2019,63
Namibia,NAM,2020,63
Namibia,NAM,2021,63
Namibia,NAM,2022,63
Namibia,NAM,2023,63
Nepal,NPL,2000,0
Nepal,NPL,2001,0
Nepal,NPL,2002,0
Netherlands,NLD,2000,85
Netherlands,NLD,2001,93
Netherlands,NLD,2002,93
Netherlands,NLD,2003,93
Netherlands,NLD,2004,93
Netherlands,NLD,2005,93
Netherlands,NLD,2006,94
Netherlands,NLD,2007,92
Netherlands,NLD,2008,93
Netherlands,NLD,2009,93
Netherlands,NLD,2010,93
Netherlands,NLD,2011,93
Netherlands,NLD,2012,95
Netherlands,NLD,2013,95
Netherlands,NLD,2014,95
Netherlands,NLD,2015,95
Netherlands,NLD,2016,95
Netherlands,NLD,2017,95
Netherlands,NLD,2018,95
Netherlands,NLD,2019,94
Netherlands,NLD,2020,94
Netherlands,NLD,2021,95
Netherlands,NLD,2022,93
Netherlands,NLD,2023,94
New Zealand,NZL,2000,100
New Zealand,NZL,2001,100
New Zealand,NZL,2002,100
Nicaragua,NIC,2002,100
Nicaragua,NIC,2003,100
Nicaragua,NIC,2004,100
Nicaragua,NIC,2005,100
Nicaragua,NIC,2006,100
Nicaragua,NIC,2007,100
Nicaragua,NIC,2008,100
Nicaragua,NIC,2009,100
Nicaragua,NIC,2010,100
Nicaragua,NIC,2011,100
Niger,NER,2000,0
Niger,NER,2001,0
Niger,NER,2002,0
Niger,NER,2005,0
Niger,NER,2006,0
Niger,NER,2007,0
Niger,NER,2008,0
Niger,NER,2009,0
Niger,NER,2010,0
Niger,NER,2011,0
Niger,NER,2012,0
Niger,NER,2013,0
Niger,NER,2014,0
Niger,NER,2015,0
Niger,NER,2016,25
Niger,NER,2017,25
Niger,NER,2018,15
Niger,NER,2019,15
Niger,NER,2020,15
Niger,NER,2021,15
Niger,NER,2022,15
Niger,NER,2023,15
Niue,NIU,2000,100
Niue,NIU,2001,100
Niue,NIU,2002,100
Niue,NIU,2003,100
Niue,NIU,2004,100
Niue,NIU,2005,100
Niue,NIU,2006,100
Niue,NIU,2007,100
Niue,NIU,2008,100
Niue,NIU,2009,100
North Macedonia,MKD,2000,33
North Macedonia,MKD,2001,33
North Macedonia,MKD,2002,33
North Macedonia,MKD,2003,33
North Macedonia,MKD,2004,33
North Macedonia,MKD,2005,33
North Macedonia,MKD,2006,33
North Macedonia,MKD,2007,33
North Macedonia,MKD,2008,33
North Macedonia,MKD,2009,33
North Macedonia,MKD,2010,33
North Macedonia,MKD,2011,33
North Macedonia,MKD,2012,50
Northern Africa (UN),,2000,4
Northern Africa (UN),,2001,7
Northern Africa (UN),,2002,6
Northern Africa (UN),,2003,10
Northern Africa (UN),,2004,17
Northern Africa (UN),,2005,15
Northern Africa (UN),,2006,17
Northern Africa (UN),,2007,20
Northern Africa (UN),,2008,20
Northern Africa (UN),,2009,18
Northern Africa (UN),,2010,17
Northern Africa (UN),,2011,17
Northern Africa (UN),,2012,17
Northern Africa (UN),,2013,13
Northern Africa (UN),,2020,26
Northern Africa (UN),,2021,28
Northern Africa (UN),,2022,28
Northern Africa (UN),,2023,28
Northern America (UN),,2000,84
Northern America (UN),,2001,83
Northern America (UN),,2002,87
Northern America (UN),,2003,87
Norway,NOR,2000,86
Norway,NOR,2001,86
Norway,NOR,2002,80
Norway,NOR,2003,81
Norway,NOR,2004,78
Norway,NOR,2005,78
Norway,NOR,2006,77
Norway,NOR,2007,77
Norway,NOR,2008,80
Norway,NOR,2009,80
Norway,NOR,2010,97
Norway,NOR,2011,93
Norway,NOR,2012,90
Norway,NOR,2013,89
Norway,NOR,2014,89
Norway,NOR,2015,89
Norway,NOR,2016,87
Norway,NOR,2017,89
Norway,NOR,2018,89
Norway,NOR,2019,89
Norway,NOR,2020,89
Norway,NOR,2021,89
Norway,NOR,2022,89
Norway,NOR,2023,88
Oman,OMN,2013,0
Oman,OMN,2014,0
Oman,OMN,2015,0
Oman,OMN,2016,0
Oman,OMN,2017,0
Oman,OMN,2018,0
Oman,OMN,2019,0
Oman,OMN,2020,0
Oman,OMN,2021,0
Oman,OMN,2022,0
Pakistan,PAK,2000,25
Pakistan,PAK,2001,14
Pakistan,PAK,2002,5
Pakistan,PAK,2003,0
Pakistan,PAK,2004,0
Pakistan,PAK,2005,0
Pakistan,PAK,2006,0
Pakistan,PAK,2007,0
Pakistan,PAK,2008,0
Pakistan,PAK,2009,0
Pakistan,PAK,2010,0
Pakistan,PAK,2011,0
Pakistan,PAK,2012,0
Pakistan,PAK,2013,0
Pakistan,PAK,2014,0
Pakistan,PAK,2015,0
Panama,PAN,2018,86
Panama,PAN,2019,86
Panama,PAN,2020,86
Panama,PAN,2021,86
Panama,PAN,2022,86
Panama,PAN,2023,86
Papua New Guinea,PNG,2000,25
Papua New Guinea,PNG,2001,33
Papua New Guinea,PNG,2002,0
Papua New Guinea,PNG,2003,33
Papua New Guinea,PNG,2004,33
Papua New Guinea,PNG,2005,33
Papua New Guinea,PNG,2006,33
Papua New Guinea,PNG,2007,33
Papua New Guinea,PNG,2008,33
Papua New Guinea,PNG,2009,33
Papua New Guinea,PNG,2010,50
Papua New Guinea,PNG,2011,50
Papua New Guinea,PNG,2012,50
Paraguay,PRY,2000,100
Paraguay,PRY,2001,100
Paraguay,PRY,2004,100
Paraguay,PRY,2005,100
Paraguay,PRY,2006,100
Paraguay,PRY,2007,100
Paraguay,PRY,2008,100
Paraguay,PRY,2009,100
Paraguay,PRY,2010,100
Paraguay,PRY,2011,100
Paraguay,PRY,2012,100
Paraguay,PRY,2013,100
Paraguay,PRY,2017,100
Paraguay,PRY,2018,100
Paraguay,PRY,2019,100
Paraguay,PRY,2020,100
Paraguay,PRY,2021,100
Paraguay,PRY,2022,100
Paraguay,PRY,2023,100
Peru,PER,2000,14
Peru,PER,2001,14
Peru,PER,2002,14
Peru,PER,2003,0
Peru,PER,2004,0
Peru,PER,2005,25
Peru,PER,2006,25
Peru,PER,2007,25
Peru,PER,2008,25
Peru,PER,2009,25
Peru,PER,2010,33
Peru,PER,2011,33
Peru,PER,2012,40
Peru,PER,2013,80
Peru,PER,2014,80
Peru,PER,2015,80
Peru,PER,2016,80
Peru,PER,2017,80
Peru,PER,2018,80
Peru,PER,2019,80
Peru,PER,2020,80
Peru,PER,2021,75
Peru,PER,2022,100
Philippines,PHL,2000,45
Philippines,PHL,2001,40
Philippines,PHL,2002,14
Philippines,PHL,2003,17
Philippines,PHL,2004,17
Philippines,PHL,2005,17
Philippines,PHL,2006,17
Philippines,PHL,2007,17
Philippines,PHL,2008,17
Philippines,PHL,2009,17
Philippines,PHL,2010,17
Philippines,PHL,2011,17
Philippines,PHL,2012,17
Philippines,PHL,2016,0
Philippines,PHL,2017,0
Philippines,PHL,2018,0
Philippines,PHL,2019,50
Philippines,PHL,2020,50
Philippines,PHL,2021,50
Philippines,PHL,2022,50
Philippines,PHL,2023,50
Poland,POL,2000,68
Poland,POL,2001,69
Poland,POL,2002,68
Poland,POL,2003,68
Poland,POL,2004,70
Poland,POL,2005,68
Poland,POL,2006,91
Poland,POL,2007,90
Poland,POL,2008,94
Poland,POL,2009,93
Poland,POL,2010,94
Poland,POL,2011,93
Poland,POL,2012,91
Poland,POL,2013,84
Poland,POL,2014,84
Poland,POL,2015,84
Poland,POL,2016,87
Poland,POL,2017,87
Poland,POL,2018,88
Poland,POL,2019,87
Poland,POL,2020,86
Poland,POL,2021,86
Poland,POL,2022,86
Poland,POL,2023,85
Portugal,PRT,2000,54
Portugal,PRT,2001,54
Portugal,PRT,2002,54
Portugal,PRT,2003,54
Portugal,PRT,2004,69
Portugal,PRT,2005,72
Portugal,PRT,2006,72
Portugal,PRT,2007,72
Portugal,PRT,2008,72
Portugal,PRT,2009,72
Portugal,PRT,2010,58
Portugal,PRT,2011,58
Portugal,PRT,2012,58
Portugal,PRT,2013,64
Portugal,PRT,2014,64
Portugal,PRT,2015,64
Portugal,PRT,2016,65
Portugal,PRT,2017,59
Portugal,PRT,2018,59
Portugal,PRT,2019,63
Portugal,PRT,2020,61
Portugal,PRT,2021,61
Portugal,PRT,2022,63
Portugal,PRT,2023,63
Romania,ROU,2000,96
Romania,ROU,2001,96
Romania,ROU,2002,96
Romania,ROU,2003,69
Romania,ROU,2004,69
Romania,ROU,2005,69
Romania,ROU,2006,80
Romania,ROU,2007,80
Romania,ROU,2008,80
Romania,ROU,2009,80
Romania,ROU,2010,89
Romania,ROU,2011,89
Romania,ROU,2012,89
Russia,RUS,2000,100
Russia,RUS,2001,100
Russia,RUS,2002,100
Russia,RUS,2003,26
Russia,RUS,2004,25
Russia,RUS,2005,25
Russia,RUS,2006,25
Russia,RUS,2007,25
Russia,RUS,2008,25
Russia,RUS,2009,25
Russia,RUS,2010,25
Russia,RUS,2011,25
Russia,RUS,2012,25
Rwanda,RWA,2008,100
Rwanda,RWA,2009,100
Rwanda,RWA,2010,100
Rwanda,RWA,2011,100
Rwanda,RWA,2012,100
Rwanda,RWA,2013,100
Rwanda,RWA,2014,100
Rwanda,RWA,2015,100
Rwanda,RWA,2016,100
Rwanda,RWA,2017,100
Saint Kitts and Nevis,KNA,2001,100
Saint Kitts and Nevis,KNA,2002,100
Saint Kitts and Nevis,KNA,2003,100
Saint Kitts and Nevis,KNA,2004,100
Saint Kitts and Nevis,KNA,2005,100
Saint Kitts and Nevis,KNA,2006,100
Saint Kitts and Nevis,KNA,2007,100
Saint Kitts and Nevis,KNA,2008,100
Saint Kitts and Nevis,KNA,2009,100
Saint Kitts and Nevis,KNA,2010,100
Senegal,SEN,2000,0
Senegal,SEN,2001,0
Senegal,SEN,2002,0
Senegal,SEN,2003,0
Senegal,SEN,2004,0
Senegal,SEN,2005,0
Senegal,SEN,2006,0
Senegal,SEN,2007,0
Senegal,SEN,2008,0
Senegal,SEN,2009,0
Senegal,SEN,2010,0
Senegal,SEN,2011,0
Senegal,SEN,2012,0
Senegal,SEN,2013,0
Senegal,SEN,2014,0
Senegal,SEN,2015,0
Senegal,SEN,2016,0
Senegal,SEN,2017,0
Senegal,SEN,2018,0
Senegal,SEN,2019,27
Senegal,SEN,2020,27
Senegal,SEN,2021,27
Senegal,SEN,2022,30
Senegal,SEN,2023,30
Serbia,SRB,2000,100
Serbia,SRB,2001,100
Serbia,SRB,2002,100
Serbia,SRB,2003,100
Serbia,SRB,2004,90
Serbia,SRB,2005,90
Serbia,SRB,2006,90
Serbia,SRB,2007,90
Serbia,SRB,2008,90
Serbia,SRB,2009,90
Serbia,SRB,2010,90
Serbia,SRB,2011,90
Serbia,SRB,2012,100
Serbia,SRB,2013,100
Serbia,SRB,2014,100
Serbia,SRB,2015,100
Serbia,SRB,2016,100
Serbia,SRB,2017,100
Serbia,SRB,2018,100
Serbia,SRB,2019,100
Serbia,SRB,2020,100
Serbia,SRB,2021,92
Serbia,SRB,2022,90
Serbia,SRB,2023,90
Slovakia,SVK,2000,83
Slovakia,SVK,2001,83
Slovakia,SVK,2002,83
Slovakia,SVK,2003,78
Slovakia,SVK,2004,86
Slovakia,SVK,2005,83
Slovakia,SVK,2006,83
Slovakia,SVK,2007,95
Slovakia,SVK,2008,95
Slovakia,SVK,2009,95
Slovakia,SVK,2010,95
Slovakia,SVK,2011,90
Slovakia,SVK,2012,95
Slovakia,SVK,2013,90
Slovakia,SVK,2014,90
Slovakia,SVK,2015,90
Slovakia,SVK,2016,95
Slovakia,SVK,2017,88
Slovakia,SVK,2018,89
Slovakia,SVK,2019,89
Slovakia,SVK,2020,89
Slovakia,SVK,2021,89
Slovakia,SVK,2022,89
Slovakia,SVK,2023,89
Slovenia,SVN,2000,25
Slovenia,SVN,2001,60
Slovenia,SVN,2002,60
Slovenia,SVN,2003,69
Slovenia,SVN,2004,79
Slovenia,SVN,2005,83
Slovenia,SVN,2006,88
Slovenia,SVN,2007,88
Slovenia,SVN,2008,88
Slovenia,SVN,2009,88
Slovenia,SVN,2010,88
Slovenia,SVN,2011,92
Slovenia,SVN,2012,92
Slovenia,SVN,2013,93
Slovenia,SVN,2014,93
Slovenia,SVN,2015,96
Slovenia,SVN,2016,100
Slovenia,SVN,2017,97
Slovenia,SVN,2018,100
Slovenia,SVN,2019,100
Slovenia,SVN,2020,97
Slovenia,SVN,2021,97
Slovenia,SVN,2022,96
Slovenia,SVN,2023,96
Solomon Islands,SLB,2000,50
Solomon Islands,SLB,2001,50
Solomon Islands,SLB,2002,50
Solomon Islands,SLB,2003,50
Solomon Islands,SLB,2004,100
South Africa,ZAF,2000,90
South Africa,ZAF,2001,90
South Africa,ZAF,2002,96
South Africa,ZAF,2003,96
South Africa,ZAF,2004,96
South Africa,ZAF,2005,96
South Africa,ZAF,2006,96
South Africa,ZAF,2007,96
South Africa,ZAF,2008,100
South Africa,ZAF,2009,100
South Africa,ZAF,2010,100
South Africa,ZAF,2011,83
South Africa,ZAF,2012,83
South Africa,ZAF,2013,80
South Africa,ZAF,2014,80
South Africa,ZAF,2015,80
South Africa,ZAF,2016,67
South Africa,ZAF,2017,75
South Africa,ZAF,2018,75
South Africa,ZAF,2019,75
South Africa,ZAF,2020,75
South Africa,ZAF,2021,57
South Africa,ZAF,2022,80
South Africa,ZAF,2023,80
South Korea,KOR,2000,75
South Korea,KOR,2001,50
South Korea,KOR,2002,0
South Korea,KOR,2003,0
South Korea,KOR,2004,0
South Korea,KOR,2005,33
South Korea,KOR,2006,33
South Korea,KOR,2007,33
South Korea,KOR,2008,50
South Korea,KOR,2009,50
South Korea,KOR,2010,50
South Korea,KOR,2011,83
South Korea,KOR,2012,91
South Korea,KOR,2013,92
South Korea,KOR,2014,83
South Korea,KOR,2015,84
South Korea,KOR,2016,84
South Korea,KOR,2017,85
South Korea,KOR,2018,85
South Korea,KOR,2019,86
South Korea,KOR,2020,87
South Korea,KOR,2021,86
South Korea,KOR,2022,84
South Korea,KOR,2023,83
Spain,ESP,2000,77
Spain,ESP,2001,73
Spain,ESP,2002,73
Spain,ESP,2003,73
Spain,ESP,2004,73
Spain,ESP,2005,73
Spain,ESP,2006,72
Spain,ESP,2007,76
Spain,ESP,2008,72
Spain,ESP,2009,75
Spain,ESP,2010,69
Spain,ESP,2011,68
Spain,ESP,2012,68
Spain,ESP,2013,69
Spain,ESP,2014,68
Spain,ESP,2015,68
Spain,ESP,2016,66
Spain,ESP,2017,64
Spain,ESP,2018,64
Spain,ESP,2019,66
Spain,ESP,2020,66
Spain,ESP,2021,66
Spain,ESP,2022,66
Spain,ESP,2023,66
Sri Lanka,LKA,2000,67
Sri Lanka,LKA,2001,60
Sri Lanka,LKA,2002,0
Sri Lanka,LKA,2003,0
Sri Lanka,LKA,2004,0
Sri Lanka,LKA,2005,0
Sri Lanka,LKA,2006,0
Sri Lanka,LKA,2007,0
Sri Lanka,LKA,2008,0
Sri Lanka,LKA,2009,0
Sri Lanka,LKA,2010,36
Sri Lanka,LKA,2011,36
Sri Lanka,LKA,2012,40
Sri Lanka,LKA,2013,40
Sri Lanka,LKA,2014,40
Sri Lanka,LKA,2015,40
Sri Lanka,LKA,2016,40
Sri Lanka,LKA,2017,40
Sri Lanka,LKA,2018,40
Sri Lanka,LKA,2019,40
Sub-Saharan Africa (UN),,2000,36
Sub-Saharan Africa (UN),,2001,38
Sudan,SDN,2000,0
Sudan,SDN,2001,0
Sudan,SDN,2002,0
Sudan,SDN,2003,0
Sudan,SDN,2010,0
Sudan,SDN,2011,0
Sudan,SDN,2012,0
Sudan,SDN,2013,0
Sudan,SDN,2014,0
Sudan,SDN,2015,0
Sudan,SDN,2016,0
Sudan,SDN,2017,0
Sudan,SDN,2018,16
Sudan,SDN,2019,16
Sudan,SDN,2020,16
Sudan,SDN,2021,16
Sudan,SDN,2022,16
Sudan,SDN,2023,16
Sweden,SWE,2000,77
Sweden,SWE,2001,77
Sweden,SWE,2002,80
Sweden,SWE,2003,81
Sweden,SWE,2004,97
Sweden,SWE,2005,97
Sweden,SWE,2006,97
Sweden,SWE,2007,97
Sweden,SWE,2008,98
Sweden,SWE,2009,98
Sweden,SWE,2010,98
Sweden,SWE,2011,98
Sweden,SWE,2012,96
Sweden,SWE,2013,96
Sweden,SWE,2014,96
Sweden,SWE,2015,96
Sweden,SWE,2016,94
Sweden,SWE,2017,93
Sweden,SWE,2018,96
Sweden,SWE,2019,96
Sweden,SWE,2020,96
Sweden,SWE,2021,96
Sweden,SWE,2022,96
Sweden,SWE,2023,96
Switzerland,CHE,2000,67
Switzerland,CHE,2001,68
Switzerland,CHE,2002,68
Switzerland,CHE,2003,68
Switzerland,CHE,2004,68
Switzerland,CHE,2005,68
Switzerland,CHE,2006,68
Switzerland,CHE,2007,65
Switzerland,CHE,2008,70
Switzerland,CHE,2009,65
Switzerland,CHE,2010,67
Switzerland,CHE,2011,67
Switzerland,CHE,2012,65
Switzerland,CHE,2013,65
Switzerland,CHE,2014,70
Switzerland,CHE,2015,70
Switzerland,CHE,2016,65
Switzerland,CHE,2017,70
Switzerland,CHE,2018,76
Switzerland,CHE,2019,72
Switzerland,CHE,2020,71
Switzerland,CHE,2021,71
Switzerland,CHE,2022,71
Switzerland,CHE,2023,71
Syria,SYR,2000,25
Syria,SYR,2001,50
Syria,SYR,2002,50
Syria,SYR,2003,33
Syria,SYR,2004,33
Syria,SYR,2005,0
Syria,SYR,2006,0
Syria,SYR,2007,0
Syria,SYR,2008,0
Syria,SYR,2009,0
Syria,SYR,2010,0
Syria,SYR,2011,0
Syria,SYR,2012,0
Tajikistan,TJK,2003,0
Tajikistan,TJK,2004,0
Tajikistan,TJK,2005,0
Tajikistan,TJK,2006,0
Tajikistan,TJK,2007,0
Tajikistan,TJK,2008,0
Tajikistan,TJK,2009,0
Tajikistan,TJK,2010,0
Tajikistan,TJK,2011,0
Tajikistan,TJK,2012,0
Tanzania,TZA,2000,75
Tanzania,TZA,2001,89
Tanzania,TZA,2002,89
Tanzania,TZA,2003,89
Tanzania,TZA,2004,100
Tanzania,TZA,2005,100
Tanzania,TZA,2006,100
Tanzania,TZA,2007,100
Tanzania,TZA,2008,37
Tanzania,TZA,2009,37
Tanzania,TZA,2010,37
Tanzania,TZA,2011,24
Tanzania,TZA,2012,24
Tanzania,TZA,2013,7
Tanzania,TZA,2014,7
Tanzania,TZA,2015,7
Tanzania,TZA,2016,7
Tanzania,TZA,2017,7
Tanzania,TZA,2018,18
Tanzania,TZA,2019,18
Tanzania,TZA,2020,18
Tanzania,TZA,2021,18
Tanzania,TZA,2022,18
Tanzania,TZA,2023,19
Thailand,THA,2000,20
Thailand,THA,2001,18
Thailand,THA,2002,18
Thailand,THA,2003,8
Thailand,THA,2004,17
Thailand,THA,2005,8
Thailand,THA,2006,8
Thailand,THA,2007,8
Thailand,THA,2008,6
Thailand,THA,2009,6
Thailand,THA,2010,6
Thailand,THA,2011,6
Thailand,THA,2012,6
Thailand,THA,2013,13
Thailand,THA,2014,13
Thailand,THA,2015,13
Thailand,THA,2016,13
Thailand,THA,2017,13
Thailand,THA,2018,13
Thailand,THA,2019,13
Thailand,THA,2020,13
Thailand,THA,2021,13
Thailand,THA,2022,13
Thailand,THA,2023,13
Togo,TGO,2000,25
Togo,TGO,2001,25
Togo,TGO,2002,25
Togo,TGO,2003,25
Togo,TGO,2004,25
Togo,TGO,2005,25
Tonga,TON,2001,100
Tonga,TON,2002,100
Tonga,TON,2003,100
Tonga,TON,2004,100
Tonga,TON,2005,100
Tonga,TON,2006,100
Tonga,TON,2007,100
Tonga,TON,2008,100
Tonga,TON,2009,100
Tonga,TON,2010,100
Tunisia,TUN,2000,0
Tunisia,TUN,2001,50
Tunisia,TUN,2002,50
Tunisia,TUN,2003,50
Tunisia,TUN,2004,33
Tunisia,TUN,2005,33
Tunisia,TUN,2006,33
Tunisia,TUN,2007,33
Tunisia,TUN,2008,33
Tunisia,TUN,2009,25
Tunisia,TUN,2010,20
Tunisia,TUN,2011,20
Tunisia,TUN,2012,20
Tunisia,TUN,2013,20
Tunisia,TUN,2014,20
Tunisia,TUN,2015,20
Tunisia,TUN,2016,20
Tunisia,TUN,2017,20
Tunisia,TUN,2018,20
Tunisia,TUN,2019,33
Tunisia,TUN,2020,17
Tunisia,TUN,2021,17
Tunisia,TUN,2022,20
Tunisia,TUN,2023,20
Turkey,TUR,2000,33
Turkey,TUR,2001,33
Turkey,TUR,2002,33
Turkey,TUR,2003,50
Turkey,TUR,2004,44
Turkey,TUR,2005,44
Turkey,TUR,2006,44
Turkey,TUR,2007,44
Turkey,TUR,2008,0
Turkey,TUR,2009,0
Turkey,TUR,2010,0
Turkey,TUR,2011,25
Turkey,TUR,2012,32
Turkey,TUR,2013,43
Turkey,TUR,2014,43
Turkey,TUR,2015,43
Turkey,TUR,2016,43
Turkey,TUR,2017,43
Turkey,TUR,2018,43
Turkey,TUR,2019,43
Turkey,TUR,2020,43
Turkey,TUR,2021,42
Turkey,TUR,2022,53
Turkmenistan,TKM,2004,0
Turkmenistan,TKM,2005,0
Turkmenistan,TKM,2006,0
Turkmenistan,TKM,2007,0
Turkmenistan,TKM,2008,0
Turkmenistan,TKM,2009,0
Turkmenistan,TKM,2010,0
Turkmenistan,TKM,2011,0
Turkmenistan,TKM,2012,0
Turkmenistan,TKM,2013,0
Tuvalu,TUV,2002,0
Tuvalu,TUV,2003,0
Tuvalu,TUV,2004,0
Tuvalu,TUV,2005,0
Tuvalu,TUV,2006,0
Tuvalu,TUV,2007,0
Tuvalu,TUV,2008,0
Tuvalu,TUV,2009,0
Tuvalu,TUV,2010,0
Tuvalu,TUV,2011,0
Uganda,UGA,2000,0
Uganda,UGA,2002,0
Uganda,UGA,2003,0
Uganda,UGA,2004,0
Uganda,UGA,2005,0
Uganda,UGA,2006,0
Uganda,UGA,2007,0
Uganda,UGA,2008,0
Uganda,UGA,2009,0
Uganda,UGA,2010,0
Uganda,UGA,2011,0
Ukraine,UKR,2000,86
Ukraine,UKR,2001,33
Ukraine,UKR,2002,36
Ukraine,UKR,2003,61
Ukraine,UKR,2004,59
Ukraine,UKR,2005,53
Ukraine,UKR,2006,50
Ukraine,UKR,2007,46
Ukraine,UKR,2008,53
Ukraine,UKR,2009,51
Ukraine,UKR,2010,54
Ukraine,UKR,2011,54
Ukraine,UKR,2012,56
Ukraine,UKR,2013,57
Ukraine,UKR,2014,62
Ukraine,UKR,2015,64
Ukraine,UKR,2016,63
Ukraine,UKR,2017,71
Ukraine,UKR,2018,74
Ukraine,UKR,2019,71
Ukraine,UKR,2020,73
Ukraine,UKR,2021,77
Ukraine,UKR,2022,80
Ukraine,UKR,2023,81
United Kingdom,GBR,2000,87
United Kingdom,GBR,2001,87
United Kingdom,GBR,2002,88
United Kingdom,GBR,2003,88
United Kingdom,GBR,2004,88
United Kingdom,GBR,2005,88
United Kingdom,GBR,2006,89
United Kingdom,GBR,2007,90
United Kingdom,GBR,2008,91
United Kingdom,GBR,2009,91
United Kingdom,GBR,2010,91
United Kingdom,GBR,2011,91
United Kingdom,GBR,2012,88
United Kingdom,GBR,2013,88
United Kingdom,GBR,2014,88
United Kingdom,GBR,2015,87
United Kingdom,GBR,2016,88
United Kingdom,GBR,2017,88
United Kingdom,GBR,2018,88
United Kingdom,GBR,2019,88
United Kingdom,GBR,2020,88
United Kingdom,GBR,2021,87
United Kingdom,GBR,2022,88
United Kingdom,GBR,2023,88
United States,USA,2000,85
United States,USA,2001,82
United States,USA,2002,85
United States,USA,2003,86
United States,USA,2004,93
United States,USA,2005,93
United States,USA,2006,94
United States,USA,2007,94
United States,USA,2008,94
United States,USA,2009,94
United States,USA,2010,96
United States,USA,2011,96
United States,USA,2012,96
United States,USA,2013,95
United States,USA,2014,94
United States,USA,2015,92
United States,USA,2016,92
United States,USA,2017,90
United States,USA,2018,91
United States,USA,2019,91
United States,USA,2020,89
United States,USA,2021,88
United States,USA,2022,90
United States,USA,2023,93
Uruguay,URY,2000,67
Uruguay,URY,2001,67
Uruguay,URY,2002,67
Uruguay,URY,2003,67
Uruguay,URY,2004,67
Uruguay,URY,2005,67
Uruguay,URY,2006,67
Uruguay,URY,2007,67
Uruguay,URY,2008,67
Uruguay,URY,2009,67
Uruguay,URY,2010,67
Uruguay,URY,2011,75
Uruguay,URY,2012,75
Uruguay,URY,2013,75
Uruguay,URY,2014,50
Uruguay,URY,2015,67
Uruguay,URY,2016,67
Uruguay,URY,2017,80
Uruguay,URY,2018,88
Uruguay,URY,2019,88
Uruguay,URY,2020,88
Uruguay,URY,2021,88
Uruguay,URY,2022,78
Uruguay,URY,2023,78
Uzbekistan,UZB,2003,0
Uzbekistan,UZB,2004,0
Uzbekistan,UZB,2005,0
Uzbekistan,UZB,2006,0
Uzbekistan,UZB,2007,0
Uzbekistan,UZB,2008,0
Uzbekistan,UZB,2009,0
Uzbekistan,UZB,2010,0
Uzbekistan,UZB,2011,0
Uzbekistan,UZB,2012,0
Vanuatu,VUT,2000,0
Vanuatu,VUT,2001,0
Vanuatu,VUT,2002,40
Vanuatu,VUT,2003,67
Vanuatu,VUT,2004,67
Vanuatu,VUT,2005,67
Vanuatu,VUT,2006,67
Vanuatu,VUT,2007,67
Vanuatu,VUT,2008,67
Vanuatu,VUT,2009,67
Vanuatu,VUT,2010,67
Vanuatu,VUT,2011,67
Vietnam,VNM,2000,37
Vietnam,VNM,2001,38
Vietnam,VNM,2002,30
Vietnam,VNM,2003,27
Vietnam,VNM,2004,27
Vietnam,VNM,2005,30
Vietnam,VNM,2006,30
Vietnam,VNM,2007,11
Vietnam,VNM,2008,11
Vietnam,VNM,2009,11
Vietnam,VNM,2010,21
Vietnam,VNM,2011,21
Vietnam,VNM,2012,22
Vietnam,VNM,2013,22
Vietnam,VNM,2014,22
Vietnam,VNM,2015,21
Vietnam,VNM,2016,21
Vietnam,VNM,2017,21
Vietnam,VNM,2018,21
Vietnam,VNM,2019,21
Vietnam,VNM,2020,20
Vietnam,VNM,2021,20
Vietnam,VNM,2022,20
Vietnam,VNM,2023,20
World,OWID_WRL,2000,60
World,OWID_WRL,2001,62
World,OWID_WRL,2003,62
Yemen,YEM,2004,50
Yemen,YEM,2005,50
Yemen,YEM,2006,50
Yemen,YEM,2007,50
Yemen,YEM,2008,50
Yemen,YEM,2009,50
Yemen,YEM,2010,50
Yemen,YEM,2011,50
Yemen,YEM,2012,50
Yemen,YEM,2013,50
Yemen,YEM,2019,0
Yemen,YEM,2020,0
Yemen,YEM,2021,6
Yemen,YEM,2022,6
Yemen,YEM,2023,6
Zambia,ZMB,2000,0
Zambia,ZMB,2001,0
Zambia,ZMB,2002,0
Zambia,ZMB,2003,0
Zambia,ZMB,2004,0
Zambia,ZMB,2005,0
Zambia,ZMB,2006,0
Zambia,ZMB,2007,0
Zambia,ZMB,2008,0
Zimbabwe,ZWE,2000,50
Zimbabwe,ZWE,2001,50