Entity,Code,Year,"2.a.2 - Total official flows (disbursements) for agriculture, by recipient countries (millions of constant 2021 United States dollars) - DC_TOF_AGRL"
Afghanistan,AFG,2000,4930000
Afghanistan,AFG,2001,18420000
Afghanistan,AFG,2002,15610000
Afghanistan,AFG,2003,31050000
Afghanistan,AFG,2004,78410000
Afghanistan,AFG,2005,198950000
Afghanistan,AFG,2006,112240000
Afghanistan,AFG,2007,105840000
Afghanistan,AFG,2008,315520000
Afghanistan,AFG,2009,662130000
Afghanistan,AFG,2010,768930000
Afghanistan,AFG,2011,679480000
Afghanistan,AFG,2012,575040000
Afghanistan,AFG,2013,399290000
Afghanistan,AFG,2014,420640000
Afghanistan,AFG,2015,372540000
Afghanistan,AFG,2016,450480000
Afghanistan,AFG,2017,363800000
Afghanistan,AFG,2018,286580000
Afghanistan,AFG,2019,260579999.99999997
Afghanistan,AFG,2020,250500000
Afghanistan,AFG,2021,120580000
Africa (UN),,2000,2768260000
Africa (UN),,2001,2038570000
Africa (UN),,2002,1598810000
Africa (UN),,2003,1764280000
Africa (UN),,2004,1741950000
Africa (UN),,2005,1909620000
Africa (UN),,2006,2164840000
Africa (UN),,2007,2394720000
Africa (UN),,2008,2511430000
Africa (UN),,2009,3066600000
Africa (UN),,2010,3344780000
Africa (UN),,2011,3663350000
Africa (UN),,2012,3462600000
Africa (UN),,2013,4072670000
Africa (UN),,2014,4279640000.0000005
Africa (UN),,2015,4311390000
Africa (UN),,2016,4709670000
Africa (UN),,2017,5239490000
Africa (UN),,2018,4749300000
Africa (UN),,2019,5702030000
Africa (UN),,2020,5979980000
Africa (UN),,2021,4672630000
Algeria,DZA,2000,2040000
Algeria,DZA,2001,22030000
Algeria,DZA,2002,21950000
Algeria,DZA,2003,29260000
Algeria,DZA,2004,21730000
Algeria,DZA,2005,16079999.999999998
Algeria,DZA,2006,8279999.999999999
Algeria,DZA,2007,19640000
Algeria,DZA,2008,9080000
Algeria,DZA,2009,30800000
Algeria,DZA,2010,7420000
Algeria,DZA,2011,9030000
Algeria,DZA,2012,9260000
Algeria,DZA,2013,4390000
Algeria,DZA,2014,6790000
Algeria,DZA,2015,5430000
Algeria,DZA,2016,7520000
Algeria,DZA,2017,8620000
Algeria,DZA,2018,11740000
Algeria,DZA,2019,12120000
Algeria,DZA,2020,9750000
Algeria,DZA,2021,7170000
Angola,AGO,2000,8890000
Angola,AGO,2001,11760000
Angola,AGO,2002,8780000
Angola,AGO,2003,13640000
Angola,AGO,2004,5840000
Angola,AGO,2005,7900000
Angola,AGO,2006,19120000
Angola,AGO,2007,20080000
Angola,AGO,2008,42890000
Angola,AGO,2009,45760000
Angola,AGO,2010,35590000
Angola,AGO,2011,32790000
Angola,AGO,2012,25120000
Angola,AGO,2013,30370000
Angola,AGO,2014,26620000
Angola,AGO,2015,15350000
Angola,AGO,2016,28690000
Angola,AGO,2017,22880000
Angola,AGO,2018,30540000
Angola,AGO,2019,32119999.999999996
Angola,AGO,2020,23520000
Angola,AGO,2021,30480000
Anguilla,AIA,2000,20000
Anguilla,AIA,2001,40000
Anguilla,AIA,2013,20000
Antigua and Barbuda,ATG,2000,7110000
Antigua and Barbuda,ATG,2001,6740000
Antigua and Barbuda,ATG,2002,9020000
Antigua and Barbuda,ATG,2003,2660000
Antigua and Barbuda,ATG,2004,1090000
Antigua and Barbuda,ATG,2005,5290000
Antigua and Barbuda,ATG,2006,2009999.9999999998
Antigua and Barbuda,ATG,2007,160000
Antigua and Barbuda,ATG,2008,410000
Antigua and Barbuda,ATG,2009,730000
Antigua and Barbuda,ATG,2010,5340000
Antigua and Barbuda,ATG,2011,7130000
Antigua and Barbuda,ATG,2012,240000
Antigua and Barbuda,ATG,2013,510000
Antigua and Barbuda,ATG,2014,340000
Antigua and Barbuda,ATG,2015,590000
Antigua and Barbuda,ATG,2016,5080000
Antigua and Barbuda,ATG,2017,430000
Antigua and Barbuda,ATG,2018,80000
Antigua and Barbuda,ATG,2019,2560000
Antigua and Barbuda,ATG,2020,170000
Antigua and Barbuda,ATG,2021,90000
Argentina,ARG,2000,11330000
Argentina,ARG,2001,4480000
Argentina,ARG,2002,13750000
Argentina,ARG,2003,41200000
Argentina,ARG,2004,55340000
Argentina,ARG,2005,62070000
Argentina,ARG,2006,44390000
Argentina,ARG,2007,40580000
Argentina,ARG,2008,25680000
Argentina,ARG,2009,174060000
Argentina,ARG,2010,223310000
Argentina,ARG,2011,133789999.99999999
Argentina,ARG,2012,149840000
Argentina,ARG,2013,165780000
Argentina,ARG,2014,175530000
Argentina,ARG,2015,144890000
Argentina,ARG,2016,194420000
Argentina,ARG,2017,215620000
Argentina,ARG,2018,48270000
Argentina,ARG,2019,35250000
Argentina,ARG,2020,51840000
Argentina,ARG,2021,92860000
Armenia,ARM,2000,16559999.999999998
Armenia,ARM,2001,82290000
Armenia,ARM,2002,35640000
Armenia,ARM,2003,18780000
Armenia,ARM,2004,20860000
Armenia,ARM,2005,13400000
Armenia,ARM,2006,33159999.999999996
Armenia,ARM,2007,47020000
Armenia,ARM,2008,41250000
Armenia,ARM,2009,60200000
Armenia,ARM,2010,93440000
Armenia,ARM,2011,81990000
Armenia,ARM,2012,46570000
Armenia,ARM,2013,21790000
Armenia,ARM,2014,18310000
Armenia,ARM,2015,41670000
Armenia,ARM,2016,93180000
Armenia,ARM,2017,126450000
Armenia,ARM,2018,71180000
Armenia,ARM,2019,20080000
Armenia,ARM,2020,23080000
Armenia,ARM,2021,32369999.999999996
Asia (UN),,2000,2927290000
Asia (UN),,2001,4363830000
Asia (UN),,2002,2658790000
Asia (UN),,2003,1964140000
Asia (UN),,2004,2308700000
Asia (UN),,2005,2163030000
Asia (UN),,2006,2533350000
Asia (UN),,2007,2714120000
Asia (UN),,2008,3015920000
Asia (UN),,2009,3432040000
Asia (UN),,2010,4869760000
Asia (UN),,2011,4532530000
Asia (UN),,2012,3563500000
Asia (UN),,2013,3947550000
Asia (UN),,2014,4454750000
Asia (UN),,2015,4738760000
Asia (UN),,2016,5093090000
Asia (UN),,2017,4898760000
Asia (UN),,2018,4973140000
Asia (UN),,2019,4573090000
Asia (UN),,2020,5210410000
Asia (UN),,2021,4457980000
Azerbaijan,AZE,2000,82450000
Azerbaijan,AZE,2001,25940000
Azerbaijan,AZE,2002,20210000
Azerbaijan,AZE,2003,18260000
Azerbaijan,AZE,2004,21070000
Azerbaijan,AZE,2005,25660000
Azerbaijan,AZE,2006,17090000
Azerbaijan,AZE,2007,23550000
Azerbaijan,AZE,2008,25570000
Azerbaijan,AZE,2009,30370000
Azerbaijan,AZE,2010,18270000
Azerbaijan,AZE,2011,9570000
Azerbaijan,AZE,2012,19900000
Azerbaijan,AZE,2013,27230000
Azerbaijan,AZE,2014,40160000
Azerbaijan,AZE,2015,58400000
Azerbaijan,AZE,2016,30020000
Azerbaijan,AZE,2017,11950000
Azerbaijan,AZE,2018,7170000
Azerbaijan,AZE,2019,14220000
Azerbaijan,AZE,2020,9550000
Azerbaijan,AZE,2021,25000000
Bahrain,BHR,2000,0
Bahrain,BHR,2003,50000
Bangladesh,BGD,2000,381650000
Bangladesh,BGD,2001,108990000
Bangladesh,BGD,2002,87610000
Bangladesh,BGD,2003,86300000
Bangladesh,BGD,2004,71750000
Bangladesh,BGD,2005,74050000
Bangladesh,BGD,2006,78380000
Bangladesh,BGD,2007,84410000
Bangladesh,BGD,2008,194160000
Bangladesh,BGD,2009,142370000
Bangladesh,BGD,2010,203950000
Bangladesh,BGD,2011,228710000
Bangladesh,BGD,2012,281460000
Bangladesh,BGD,2013,349100000
Bangladesh,BGD,2014,354840000
Bangladesh,BGD,2015,276860000
Bangladesh,BGD,2016,295640000
Bangladesh,BGD,2017,306350000
Bangladesh,BGD,2018,273180000
Bangladesh,BGD,2019,306460000
Bangladesh,BGD,2020,370490000
Bangladesh,BGD,2021,350520000
Barbados,BRB,2000,10000
Barbados,BRB,2001,40000
Barbados,BRB,2002,40000
Barbados,BRB,2003,1700000
Barbados,BRB,2004,1550000
Barbados,BRB,2005,680000
Barbados,BRB,2006,0
Barbados,BRB,2008,30000
Barbados,BRB,2009,160000
Barbados,BRB,2010,2270000
Belarus,BLR,2005,630000
Belarus,BLR,2006,450000
Belarus,BLR,2007,910000
Belarus,BLR,2008,2130000
Belarus,BLR,2009,2670000
Belarus,BLR,2010,780000
Belarus,BLR,2011,2230000
Belarus,BLR,2012,900000
Belarus,BLR,2013,2580000
Belarus,BLR,2014,1650000
Belarus,BLR,2015,2290000
Belarus,BLR,2016,8880000
Belarus,BLR,2017,27370000
Belarus,BLR,2018,19180000
Belarus,BLR,2019,5880000
Belarus,BLR,2020,130110000.00000001
Belarus,BLR,2021,1950000
Belize,BLZ,2000,8170000
Belize,BLZ,2001,5760000
Belize,BLZ,2003,310000
Belize,BLZ,2004,260000
Belize,BLZ,2005,1200000
Belize,BLZ,2006,3100000
Belize,BLZ,2007,4570000
Belize,BLZ,2008,9710000
Belize,BLZ,2009,6910000
Belize,BLZ,2010,8770000
Belize,BLZ,2011,3910000
Belize,BLZ,2012,8570000
Belize,BLZ,2013,12450000
Belize,BLZ,2014,16100000.000000002
Belize,BLZ,2015,9460000
Belize,BLZ,2016,9650000
Belize,BLZ,2017,7950000
Belize,BLZ,2018,2420000
Belize,BLZ,2019,2490000
Belize,BLZ,2020,5250000
Belize,BLZ,2021,1160000
Benin,BEN,2000,54620000
Benin,BEN,2001,25170000
Benin,BEN,2002,17430000
Benin,BEN,2003,25690000
Benin,BEN,2004,36590000
Benin,BEN,2005,39850000
Benin,BEN,2006,43830000
Benin,BEN,2007,39650000
Benin,BEN,2008,46560000
Benin,BEN,2009,62570000
Benin,BEN,2010,60560000
Benin,BEN,2011,70370000
Benin,BEN,2012,47420000
Benin,BEN,2013,57740000
Benin,BEN,2014,78750000
Benin,BEN,2015,65430000.00000001
Benin,BEN,2016,78710000
Benin,BEN,2017,90140000
Benin,BEN,2018,90570000
Benin,BEN,2019,75670000
Benin,BEN,2020,125920000
Benin,BEN,2021,98540000
Bhutan,BTN,2000,6410000
Bhutan,BTN,2001,5360000
Bhutan,BTN,2002,7330000
Bhutan,BTN,2003,9830000
Bhutan,BTN,2004,4580000
Bhutan,BTN,2005,9350000
Bhutan,BTN,2006,7580000
Bhutan,BTN,2007,10330000
Bhutan,BTN,2008,11830000
Bhutan,BTN,2009,10690000
Bhutan,BTN,2010,6680000
Bhutan,BTN,2011,4170000
Bhutan,BTN,2012,7150000
Bhutan,BTN,2013,8109999.999999999
Bhutan,BTN,2014,13490000
Bhutan,BTN,2015,7420000
Bhutan,BTN,2016,6350000
Bhutan,BTN,2017,20700000
Bhutan,BTN,2018,9930000
Bhutan,BTN,2019,18950000
Bhutan,BTN,2020,11270000
Bhutan,BTN,2021,9920000
Bolivia,BOL,2000,135530000
Bolivia,BOL,2001,41690000
Bolivia,BOL,2002,61030000
Bolivia,BOL,2003,71480000
Bolivia,BOL,2004,133789999.99999999
Bolivia,BOL,2005,127150000
Bolivia,BOL,2006,117670000
Bolivia,BOL,2007,105600000
Bolivia,BOL,2008,99650000
Bolivia,BOL,2009,137090000
Bolivia,BOL,2010,165850000
Bolivia,BOL,2011,144710000
Bolivia,BOL,2012,129680000
Bolivia,BOL,2013,114950000
Bolivia,BOL,2014,123040000
Bolivia,BOL,2015,120180000
Bolivia,BOL,2016,102060000
Bolivia,BOL,2017,116290000
Bolivia,BOL,2018,113910000
Bolivia,BOL,2019,94650000
Bolivia,BOL,2020,67430000
Bolivia,BOL,2021,115690000
Bosnia and Herzegovina,BIH,2000,107680000
Bosnia and Herzegovina,BIH,2001,89970000
Bosnia and Herzegovina,BIH,2002,10370000
Bosnia and Herzegovina,BIH,2003,13360000
Bosnia and Herzegovina,BIH,2004,41900000
Bosnia and Herzegovina,BIH,2005,12590000
Bosnia and Herzegovina,BIH,2006,12650000
Bosnia and Herzegovina,BIH,2007,12830000
Bosnia and Herzegovina,BIH,2008,13830000
Bosnia and Herzegovina,BIH,2009,20690000
Bosnia and Herzegovina,BIH,2010,16079999.999999998
Bosnia and Herzegovina,BIH,2011,18670000
Bosnia and Herzegovina,BIH,2012,20800000
Bosnia and Herzegovina,BIH,2013,22480000
Bosnia and Herzegovina,BIH,2014,19300000
Bosnia and Herzegovina,BIH,2015,11710000
Bosnia and Herzegovina,BIH,2016,8340000
Bosnia and Herzegovina,BIH,2017,10270000
Bosnia and Herzegovina,BIH,2018,15430000
Bosnia and Herzegovina,BIH,2019,21420000
Bosnia and Herzegovina,BIH,2020,19230000
Bosnia and Herzegovina,BIH,2021,21300000
Botswana,BWA,2000,4270000
Botswana,BWA,2001,4780000
Botswana,BWA,2002,1640000
Botswana,BWA,2003,910000
Botswana,BWA,2004,1350000
Botswana,BWA,2005,930000
Botswana,BWA,2006,940000
Botswana,BWA,2007,8400000
Botswana,BWA,2008,2240000
Botswana,BWA,2009,2180000
Botswana,BWA,2010,2100000
Botswana,BWA,2011,7930000
Botswana,BWA,2012,8540000
Botswana,BWA,2013,12600000
Botswana,BWA,2014,12080000
Botswana,BWA,2015,10200000
Botswana,BWA,2016,10340000
Botswana,BWA,2017,7870000
Botswana,BWA,2018,8130000.000000001
Botswana,BWA,2019,8820000
Botswana,BWA,2020,1300000
Botswana,BWA,2021,7170000
Brazil,BRA,2000,166590000
Brazil,BRA,2001,132960000.00000001
Brazil,BRA,2002,89890000
Brazil,BRA,2003,87540000
Brazil,BRA,2004,301020000
Brazil,BRA,2005,96310000
Brazil,BRA,2006,92970000
Brazil,BRA,2007,150020000
Brazil,BRA,2008,70260000
Brazil,BRA,2009,81560000
Brazil,BRA,2010,106900000
Brazil,BRA,2011,339950000
Brazil,BRA,2012,237270000
Brazil,BRA,2013,144720000
Brazil,BRA,2014,117180000
Brazil,BRA,2015,161110000
Brazil,BRA,2016,239420000
Brazil,BRA,2017,229150000
Brazil,BRA,2018,171780000
Brazil,BRA,2019,281120000
Brazil,BRA,2020,233890000
Brazil,BRA,2021,272050000
Burkina Faso,BFA,2000,171820000
Burkina Faso,BFA,2001,40630000
Burkina Faso,BFA,2002,59710000
Burkina Faso,BFA,2003,80160000
Burkina Faso,BFA,2004,74350000
Burkina Faso,BFA,2005,81730000
Burkina Faso,BFA,2006,85470000
Burkina Faso,BFA,2007,90340000
Burkina Faso,BFA,2008,121360000
Burkina Faso,BFA,2009,110310000
Burkina Faso,BFA,2010,135670000
Burkina Faso,BFA,2011,161010000
Burkina Faso,BFA,2012,188880000
Burkina Faso,BFA,2013,174500000
Burkina Faso,BFA,2014,204330000
Burkina Faso,BFA,2015,125440000
Burkina Faso,BFA,2016,204860000
Burkina Faso,BFA,2017,228500000
Burkina Faso,BFA,2018,194050000
Burkina Faso,BFA,2019,210560000
Burkina Faso,BFA,2020,210050000
Burkina Faso,BFA,2021,206840000
Burundi,BDI,2000,13100000
Burundi,BDI,2001,1100000
Burundi,BDI,2002,4580000
Burundi,BDI,2003,4530000
Burundi,BDI,2004,7920000
Burundi,BDI,2005,10480000
Burundi,BDI,2006,31290000
Burundi,BDI,2007,49450000
Burundi,BDI,2008,24760000
Burundi,BDI,2009,47160000
Burundi,BDI,2010,48900000
Burundi,BDI,2011,43320000
Burundi,BDI,2012,70650000
Burundi,BDI,2013,69100000
Burundi,BDI,2014,60160000
Burundi,BDI,2015,57950000
Burundi,BDI,2016,52730000
Burundi,BDI,2017,49850000
Burundi,BDI,2018,70500000
Burundi,BDI,2019,81320000
Burundi,BDI,2020,67290000
Burundi,BDI,2021,59390000
Cambodia,KHM,2000,176630000
Cambodia,KHM,2001,65780000
Cambodia,KHM,2002,43430000
Cambodia,KHM,2003,59930000
Cambodia,KHM,2004,53210000
Cambodia,KHM,2005,59120000
Cambodia,KHM,2006,68150000
Cambodia,KHM,2007,72320000
Cambodia,KHM,2008,61560000
Cambodia,KHM,2009,59990000
Cambodia,KHM,2010,82650000
Cambodia,KHM,2011,76430000
Cambodia,KHM,2012,73710000
Cambodia,KHM,2013,91610000
Cambodia,KHM,2014,131669999.99999999
Cambodia,KHM,2015,126820000
Cambodia,KHM,2016,95420000
Cambodia,KHM,2017,117070000
Cambodia,KHM,2018,130250000
Cambodia,KHM,2019,203340000
Cambodia,KHM,2020,141200000
Cambodia,KHM,2021,149490000
Cameroon,CMR,2000,22870000
Cameroon,CMR,2001,40630000
Cameroon,CMR,2002,58050000
Cameroon,CMR,2003,31800000
Cameroon,CMR,2004,59070000
Cameroon,CMR,2005,25710000
Cameroon,CMR,2006,51730000
Cameroon,CMR,2007,79460000
Cameroon,CMR,2008,32290000
Cameroon,CMR,2009,36490000
Cameroon,CMR,2010,63320000
Cameroon,CMR,2011,47880000
Cameroon,CMR,2012,55790000
Cameroon,CMR,2013,63640000
Cameroon,CMR,2014,61890000
Cameroon,CMR,2015,51300000
Cameroon,CMR,2016,133169999.99999999
Cameroon,CMR,2017,153350000
Cameroon,CMR,2018,129070000
Cameroon,CMR,2019,153160000
Cameroon,CMR,2020,96920000
Cameroon,CMR,2021,150500000
Cape Verde,CPV,2000,5160000
Cape Verde,CPV,2001,11890000
Cape Verde,CPV,2002,8730000
Cape Verde,CPV,2003,12730000
Cape Verde,CPV,2004,5590000
Cape Verde,CPV,2005,2780000
Cape Verde,CPV,2006,3990000
Cape Verde,CPV,2007,4190000.0000000005
Cape Verde,CPV,2008,12060000
Cape Verde,CPV,2009,12380000
Cape Verde,CPV,2010,13790000
Cape Verde,CPV,2011,3970000
Cape Verde,CPV,2012,4660000
Cape Verde,CPV,2013,7950000
Cape Verde,CPV,2014,5930000
Cape Verde,CPV,2015,4770000
Cape Verde,CPV,2016,9330000
Cape Verde,CPV,2017,7780000
Cape Verde,CPV,2018,3690000
Cape Verde,CPV,2019,2360000
Cape Verde,CPV,2020,1060000
Cape Verde,CPV,2021,19100000
Central African Republic,CAF,2000,7920000
Central African Republic,CAF,2001,11960000
Central African Republic,CAF,2002,4480000
Central African Republic,CAF,2003,4200000
Central African Republic,CAF,2004,3020000
Central African Republic,CAF,2005,26030000
Central African Republic,CAF,2006,32280000
Central African Republic,CAF,2007,26980000
Central African Republic,CAF,2008,13240000
Central African Republic,CAF,2009,8000000
Central African Republic,CAF,2010,4550000
Central African Republic,CAF,2011,17440000
Central African Republic,CAF,2012,8320000
Central African Republic,CAF,2013,6640000
Central African Republic,CAF,2014,14430000
Central African Republic,CAF,2015,7540000
Central African Republic,CAF,2016,14430000
Central African Republic,CAF,2017,5560000
Central African Republic,CAF,2018,9780000
Central African Republic,CAF,2019,5550000
Central African Republic,CAF,2020,6730000
Central African Republic,CAF,2021,17400000
Chad,TCD,2000,36210000
Chad,TCD,2001,11350000
Chad,TCD,2002,34100000
Chad,TCD,2003,41590000
Chad,TCD,2004,32930000
Chad,TCD,2005,40160000
Chad,TCD,2006,39830000
Chad,TCD,2007,40830000
Chad,TCD,2008,33170000
Chad,TCD,2009,34890000
Chad,TCD,2010,30570000
Chad,TCD,2011,35100000
Chad,TCD,2012,29950000
Chad,TCD,2013,29900000
Chad,TCD,2014,39570000
Chad,TCD,2015,42370000
Chad,TCD,2016,28710000
Chad,TCD,2017,36880000
Chad,TCD,2018,51210000
Chad,TCD,2019,42320000
Chad,TCD,2020,82940000
Chad,TCD,2021,46130000
Chile,CHL,2000,20430000
Chile,CHL,2001,3560000
Chile,CHL,2002,5410000
Chile,CHL,2003,7470000
Chile,CHL,2004,8540000
Chile,CHL,2005,12400000
Chile,CHL,2006,7510000
Chile,CHL,2007,9220000
Chile,CHL,2008,3540000
Chile,CHL,2009,5050000
Chile,CHL,2010,5170000
Chile,CHL,2011,6580000
Chile,CHL,2012,13230000
Chile,CHL,2013,5720000
Chile,CHL,2014,3820000
Chile,CHL,2015,7000000
Chile,CHL,2016,5380000
Chile,CHL,2017,7240000
China,CHN,2000,358360000
China,CHN,2001,802240000
China,CHN,2002,726390000
China,CHN,2003,476700000
China,CHN,2004,440810000
China,CHN,2005,370150000
China,CHN,2006,402320000
China,CHN,2007,403510000
China,CHN,2008,367830000
China,CHN,2009,298320000
China,CHN,2010,341770000
China,CHN,2011,364860000
China,CHN,2012,232730000
China,CHN,2013,296820000
China,CHN,2014,315370000
China,CHN,2015,434840000
China,CHN,2016,500500000
China,CHN,2017,521080000.00000006
China,CHN,2018,552920000
China,CHN,2019,494730000
China,CHN,2020,532470000
China,CHN,2021,512549999.99999994
Colombia,COL,2000,103180000
Colombia,COL,2001,49040000
Colombia,COL,2002,35280000
Colombia,COL,2003,28920000
Colombia,COL,2004,203520000
Colombia,COL,2005,51350000
Colombia,COL,2006,120520000
Colombia,COL,2007,154670000
Colombia,COL,2008,163320000
Colombia,COL,2009,176650000
Colombia,COL,2010,113320000
Colombia,COL,2011,92760000
Colombia,COL,2012,114710000
Colombia,COL,2013,118520000
Colombia,COL,2014,121480000
Colombia,COL,2015,196680000
Colombia,COL,2016,139930000
Colombia,COL,2017,153540000
Colombia,COL,2018,425960000
Colombia,COL,2019,123750000
Colombia,COL,2020,284550000
Colombia,COL,2021,205680000
Comoros,COM,2000,2290000
Comoros,COM,2001,500000
Comoros,COM,2002,1330000
Comoros,COM,2003,2190000
Comoros,COM,2004,1870000
Comoros,COM,2005,640000
Comoros,COM,2006,910000
Comoros,COM,2007,900000
Comoros,COM,2008,1120000
Comoros,COM,2009,450000
Comoros,COM,2010,2520000
Comoros,COM,2011,2350000
Comoros,COM,2012,2320000
Comoros,COM,2013,4430000
Comoros,COM,2014,3500000
Comoros,COM,2015,4210000
Comoros,COM,2016,3210000
Comoros,COM,2017,1620000
Comoros,COM,2018,2420000
Comoros,COM,2019,6010000
Comoros,COM,2020,7700000
Comoros,COM,2021,8170000
Congo,COG,2000,1360000
Congo,COG,2001,1360000
Congo,COG,2002,1340000
Congo,COG,2003,1190000
Congo,COG,2004,1710000
Congo,COG,2005,4110000.0000000005
Congo,COG,2006,2560000
Congo,COG,2007,8650000
Congo,COG,2008,4110000.0000000005
Congo,COG,2009,3420000
Congo,COG,2010,4640000
Congo,COG,2011,5660000
Congo,COG,2012,8760000
Congo,COG,2013,10790000
Congo,COG,2014,6830000
Congo,COG,2015,8029999.999999999
Congo,COG,2016,8640000
Congo,COG,2017,7360000
Congo,COG,2018,15710000
Congo,COG,2019,11540000
Congo,COG,2020,25050000
Congo,COG,2021,8470000
Cook Islands,COK,2000,30000
Cook Islands,COK,2001,980000
Cook Islands,COK,2002,40000
Cook Islands,COK,2003,400000
Cook Islands,COK,2004,750000
Cook Islands,COK,2005,310000
Cook Islands,COK,2006,3850000
Cook Islands,COK,2007,1620000
Cook Islands,COK,2008,2360000
Cook Islands,COK,2009,1230000
Cook Islands,COK,2010,1320000
Cook Islands,COK,2011,1300000
Cook Islands,COK,2012,1840000
Cook Islands,COK,2013,970000
Cook Islands,COK,2014,310000
Cook Islands,COK,2015,320000
Cook Islands,COK,2016,20000
Cook Islands,COK,2017,240000
Cook Islands,COK,2018,30000
Cook Islands,COK,2019,760000
Costa Rica,CRI,2000,67810000
Costa Rica,CRI,2001,2750000
Costa Rica,CRI,2002,17150000
Costa Rica,CRI,2003,18070000
Costa Rica,CRI,2004,13450000
Costa Rica,CRI,2005,12400000
Costa Rica,CRI,2006,11360000
Costa Rica,CRI,2007,12240000
Costa Rica,CRI,2008,5550000
Costa Rica,CRI,2009,9440000
Costa Rica,CRI,2010,6130000
Costa Rica,CRI,2011,9100000
Costa Rica,CRI,2012,5840000
Costa Rica,CRI,2013,13780000
Costa Rica,CRI,2014,4600000
Costa Rica,CRI,2015,3530000
Costa Rica,CRI,2016,3040000
Costa Rica,CRI,2017,2910000
Costa Rica,CRI,2018,4920000
Costa Rica,CRI,2019,3350000
Costa Rica,CRI,2020,16719999.999999998
Costa Rica,CRI,2021,58300000
Cote d'Ivoire,CIV,2000,81670000
Cote d'Ivoire,CIV,2001,14780000
Cote d'Ivoire,CIV,2002,130960000.00000001
Cote d'Ivoire,CIV,2003,32540000
Cote d'Ivoire,CIV,2004,8660000
Cote d'Ivoire,CIV,2005,4780000
Cote d'Ivoire,CIV,2006,16260000.000000002
Cote d'Ivoire,CIV,2007,7260000
Cote d'Ivoire,CIV,2008,100330000
Cote d'Ivoire,CIV,2009,63130000
Cote d'Ivoire,CIV,2010,61010000
Cote d'Ivoire,CIV,2011,49970000
Cote d'Ivoire,CIV,2012,14170000
Cote d'Ivoire,CIV,2013,44310000
Cote d'Ivoire,CIV,2014,77330000
Cote d'Ivoire,CIV,2015,151000000
Cote d'Ivoire,CIV,2016,57780000
Cote d'Ivoire,CIV,2017,44160000
Cote d'Ivoire,CIV,2018,89010000
Cote d'Ivoire,CIV,2019,205840000
Cote d'Ivoire,CIV,2020,309570000
Cote d'Ivoire,CIV,2021,229610000
Croatia,HRV,2000,21790000
Croatia,HRV,2001,42920000
Croatia,HRV,2002,25830000
Croatia,HRV,2003,29740000
Croatia,HRV,2004,8410000
Croatia,HRV,2005,8470000
Croatia,HRV,2006,8279999.999999999
Croatia,HRV,2007,18170000
Croatia,HRV,2008,15250000
Croatia,HRV,2009,21900000
Croatia,HRV,2010,21480000
Cuba,CUB,2000,12640000
Cuba,CUB,2001,21170000
Cuba,CUB,2002,4300000
Cuba,CUB,2003,4590000
Cuba,CUB,2004,6020000
Cuba,CUB,2005,8080000
Cuba,CUB,2006,10120000
Cuba,CUB,2007,7580000
Cuba,CUB,2008,8400000
Cuba,CUB,2009,19230000
Cuba,CUB,2010,32140000
Cuba,CUB,2011,16440000.000000002
Cuba,CUB,2012,11470000
Cuba,CUB,2013,12150000
Cuba,CUB,2014,19000000
Cuba,CUB,2015,10490000
Cuba,CUB,2016,12630000
Cuba,CUB,2017,12180000
Cuba,CUB,2018,14290000
Cuba,CUB,2019,16579999.999999998
Cuba,CUB,2020,38370000
Cuba,CUB,2021,26430000
Democratic Republic of Congo,COD,2000,4690000
Democratic Republic of Congo,COD,2001,7410000
Democratic Republic of Congo,COD,2002,29580000
Democratic Republic of Congo,COD,2003,15040000
Democratic Republic of Congo,COD,2004,19500000
Democratic Republic of Congo,COD,2005,33390000
Democratic Republic of Congo,COD,2006,35400000
Democratic Republic of Congo,COD,2007,32950000.000000004
Democratic Republic of Congo,COD,2008,44620000
Democratic Republic of Congo,COD,2009,81550000
Democratic Republic of Congo,COD,2010,86410000
Democratic Republic of Congo,COD,2011,104200000
Democratic Republic of Congo,COD,2012,105570000
Democratic Republic of Congo,COD,2013,106640000
Democratic Republic of Congo,COD,2014,113320000
Democratic Republic of Congo,COD,2015,92950000
Democratic Republic of Congo,COD,2016,102460000
Democratic Republic of Congo,COD,2017,95140000
Democratic Republic of Congo,COD,2018,113640000
Democratic Republic of Congo,COD,2019,127990000
Democratic Republic of Congo,COD,2020,129949999.99999999
Democratic Republic of Congo,COD,2021,100550000
Developing regions,,2000,8421870000.000001
Developing regions,,2001,9344220000
Developing regions,,2002,5652760000
Developing regions,,2003,5219260000
Developing regions,,2004,6144010000
Developing regions,,2005,5852050000
Developing regions,,2006,6491860000
Developing regions,,2007,7065900000
Developing regions,,2008,7986360000
Developing regions,,2009,9430290000
Developing regions,,2010,12164470000
Developing regions,,2011,11476140000
Developing regions,,2012,10629370000
Developing regions,,2013,11748460000
Developing regions,,2014,12308080000
Developing regions,,2015,12691510000
Developing regions,,2016,13821800000
Developing regions,,2017,14535450000
Developing regions,,2018,14009580000
Developing regions,,2019,14388170000
Developing regions,,2020,16640830000.000002
Developing regions,,2021,14145430000
Djibouti,DJI,2000,1380000
Djibouti,DJI,2001,1270000
Djibouti,DJI,2002,610000
Djibouti,DJI,2003,710000
Djibouti,DJI,2004,620000
Djibouti,DJI,2005,850000
Djibouti,DJI,2006,640000
Djibouti,DJI,2007,1260000
Djibouti,DJI,2008,1210000
Djibouti,DJI,2009,700000
Djibouti,DJI,2010,1490000
Djibouti,DJI,2011,1500000
Djibouti,DJI,2012,6620000
Djibouti,DJI,2013,2100000
Djibouti,DJI,2014,3600000
Djibouti,DJI,2015,6480000
Djibouti,DJI,2016,6150000
Djibouti,DJI,2017,2860000
Djibouti,DJI,2018,7440000
Djibouti,DJI,2019,8640000
Djibouti,DJI,2020,4740000
Djibouti,DJI,2021,10500000
Dominica,DMA,2000,12870000
Dominica,DMA,2001,25160000
Dominica,DMA,2002,12640000
Dominica,DMA,2003,2250000
Dominica,DMA,2004,12830000
Dominica,DMA,2005,600000
Dominica,DMA,2006,2980000
Dominica,DMA,2007,7850000
Dominica,DMA,2008,5290000
Dominica,DMA,2009,9530000
Dominica,DMA,2010,3660000
Dominica,DMA,2011,4550000
Dominica,DMA,2012,200000
Dominica,DMA,2013,690000
Dominica,DMA,2014,2530000
Dominica,DMA,2015,300000
Dominica,DMA,2016,4800000
Dominica,DMA,2017,5000000
Dominica,DMA,2018,2900000
Dominica,DMA,2019,12170000
Dominica,DMA,2020,3030000
Dominica,DMA,2021,18660000
Dominican Republic,DOM,2000,17050000
Dominican Republic,DOM,2001,37180000
Dominican Republic,DOM,2002,18030000
Dominican Republic,DOM,2003,22580000
Dominican Republic,DOM,2004,33710000
Dominican Republic,DOM,2005,15370000
Dominican Republic,DOM,2006,14740000
Dominican Republic,DOM,2007,20930000
Dominican Republic,DOM,2008,21710000
Dominican Republic,DOM,2009,32759999.999999996
Dominican Republic,DOM,2010,21060000
Dominican Republic,DOM,2011,13880000
Dominican Republic,DOM,2012,13610000
Dominican Republic,DOM,2013,11450000
Dominican Republic,DOM,2014,13600000
Dominican Republic,DOM,2015,13780000
Dominican Republic,DOM,2016,13110000
Dominican Republic,DOM,2017,12550000
Dominican Republic,DOM,2018,7150000
Dominican Republic,DOM,2019,29330000
Dominican Republic,DOM,2020,220980000
Dominican Republic,DOM,2021,6590000
East Timor,TLS,2000,9660000
East Timor,TLS,2001,39540000
East Timor,TLS,2002,8270000
East Timor,TLS,2003,9260000
East Timor,TLS,2004,5300000
East Timor,TLS,2005,8470000
East Timor,TLS,2006,20710000
East Timor,TLS,2007,11760000
East Timor,TLS,2008,24020000
East Timor,TLS,2009,20910000
East Timor,TLS,2010,28090000
East Timor,TLS,2011,30530000
East Timor,TLS,2012,30340000
East Timor,TLS,2013,41010000
East Timor,TLS,2014,31960000
East Timor,TLS,2015,27500000
East Timor,TLS,2016,25730000
East Timor,TLS,2017,35390000
East Timor,TLS,2018,30270000
East Timor,TLS,2019,27710000
East Timor,TLS,2020,25230000
East Timor,TLS,2021,18300000
Ecuador,ECU,2000,16810000
Ecuador,ECU,2001,74310000
Ecuador,ECU,2002,47920000
Ecuador,ECU,2003,30470000
Ecuador,ECU,2004,53760000
Ecuador,ECU,2005,47840000
Ecuador,ECU,2006,30830000
Ecuador,ECU,2007,34170000
Ecuador,ECU,2008,39490000
Ecuador,ECU,2009,34490000
Ecuador,ECU,2010,37620000
Ecuador,ECU,2011,49690000
Ecuador,ECU,2012,71130000
Ecuador,ECU,2013,62620000
Ecuador,ECU,2014,63210000
Ecuador,ECU,2015,68430000
Ecuador,ECU,2016,26490000
Ecuador,ECU,2017,23740000
Ecuador,ECU,2018,24380000
Ecuador,ECU,2019,51790000
Ecuador,ECU,2020,68790000
Ecuador,ECU,2021,33640000
Egypt,EGY,2000,250630000
Egypt,EGY,2001,102170000
Egypt,EGY,2002,102330000
Egypt,EGY,2003,84020000
Egypt,EGY,2004,66800000
Egypt,EGY,2005,118310000
Egypt,EGY,2006,133190000
Egypt,EGY,2007,86060000
Egypt,EGY,2008,71600000
Egypt,EGY,2009,73930000
Egypt,EGY,2010,82780000
Egypt,EGY,2011,98860000
Egypt,EGY,2012,89070000
Egypt,EGY,2013,138140000
Egypt,EGY,2014,517140000
Egypt,EGY,2015,375740000
Egypt,EGY,2016,326350000
Egypt,EGY,2017,361160000
Egypt,EGY,2018,276580000
Egypt,EGY,2019,333730000
Egypt,EGY,2020,212490000
Egypt,EGY,2021,118170000
El Salvador,SLV,2000,21050000
El Salvador,SLV,2001,133150000
El Salvador,SLV,2002,25590000
El Salvador,SLV,2003,22430000
El Salvador,SLV,2004,24660000
El Salvador,SLV,2005,18940000
El Salvador,SLV,2006,10960000
El Salvador,SLV,2007,12370000
El Salvador,SLV,2008,11460000
El Salvador,SLV,2009,19360000
El Salvador,SLV,2010,28630000
El Salvador,SLV,2011,31000000
El Salvador,SLV,2012,21040000
El Salvador,SLV,2013,7740000
El Salvador,SLV,2014,11110000
El Salvador,SLV,2015,11820000
El Salvador,SLV,2016,15830000
El Salvador,SLV,2017,10260000
El Salvador,SLV,2018,10970000
El Salvador,SLV,2019,15430000
El Salvador,SLV,2020,9620000
El Salvador,SLV,2021,9260000
Equatorial Guinea,GNQ,2000,1780000
Equatorial Guinea,GNQ,2001,1700000
Equatorial Guinea,GNQ,2002,460000
Equatorial Guinea,GNQ,2003,390000
Equatorial Guinea,GNQ,2004,370000
Equatorial Guinea,GNQ,2005,310000
Equatorial Guinea,GNQ,2006,70000
Equatorial Guinea,GNQ,2007,570000
Equatorial Guinea,GNQ,2008,850000
Equatorial Guinea,GNQ,2009,510000
Equatorial Guinea,GNQ,2010,330000
Equatorial Guinea,GNQ,2011,1320000
Equatorial Guinea,GNQ,2012,1050000
Equatorial Guinea,GNQ,2013,90000
Equatorial Guinea,GNQ,2014,10000
Equatorial Guinea,GNQ,2015,10000
Equatorial Guinea,GNQ,2016,10000
Equatorial Guinea,GNQ,2018,400000
Equatorial Guinea,GNQ,2019,280000
Equatorial Guinea,GNQ,2020,1080000
Equatorial Guinea,GNQ,2021,2620000
Eritrea,ERI,2000,45990000
Eritrea,ERI,2001,21190000
Eritrea,ERI,2002,28610000
Eritrea,ERI,2003,28600000
Eritrea,ERI,2004,32270000.000000004
Eritrea,ERI,2005,21820000
Eritrea,ERI,2006,9840000
Eritrea,ERI,2007,6250000
Eritrea,ERI,2008,4900000
Eritrea,ERI,2009,11860000
Eritrea,ERI,2010,8390000
Eritrea,ERI,2011,11900000
Eritrea,ERI,2012,5800000
Eritrea,ERI,2013,8920000
Eritrea,ERI,2014,6590000
Eritrea,ERI,2015,14360000
Eritrea,ERI,2016,14220000
Eritrea,ERI,2017,2950000
Eritrea,ERI,2018,5780000
Eritrea,ERI,2019,12300000
Eritrea,ERI,2020,11750000
Eritrea,ERI,2021,3530000
Eswatini,SWZ,2000,4680000
Eswatini,SWZ,2001,24320000
Eswatini,SWZ,2002,650000
Eswatini,SWZ,2003,3010000
Eswatini,SWZ,2004,9770000
Eswatini,SWZ,2005,14370000
Eswatini,SWZ,2006,5370000
Eswatini,SWZ,2007,6090000
Eswatini,SWZ,2008,11650000
Eswatini,SWZ,2009,15670000
Eswatini,SWZ,2010,13550000
Eswatini,SWZ,2011,21960000
Eswatini,SWZ,2012,15090000
Eswatini,SWZ,2013,25200000
Eswatini,SWZ,2014,10440000
Eswatini,SWZ,2015,21770000
Eswatini,SWZ,2016,8520000
Eswatini,SWZ,2017,28660000
Eswatini,SWZ,2018,23240000
Eswatini,SWZ,2019,21970000
Eswatini,SWZ,2020,30360000
Eswatini,SWZ,2021,34600000
Ethiopia,ETH,2000,87550000
Ethiopia,ETH,2001,101030000
Ethiopia,ETH,2002,91180000
Ethiopia,ETH,2003,133990000.00000001
Ethiopia,ETH,2004,133360000.00000001
Ethiopia,ETH,2005,107700000
Ethiopia,ETH,2006,162430000
Ethiopia,ETH,2007,141360000
Ethiopia,ETH,2008,161310000
Ethiopia,ETH,2009,479470000
Ethiopia,ETH,2010,267690000
Ethiopia,ETH,2011,279610000
Ethiopia,ETH,2012,333920000
Ethiopia,ETH,2013,332070000
Ethiopia,ETH,2014,384080000
Ethiopia,ETH,2015,405950000
Ethiopia,ETH,2016,555330000
Ethiopia,ETH,2017,438030000
Ethiopia,ETH,2018,438500000
Ethiopia,ETH,2019,456650000
Ethiopia,ETH,2020,520590000.00000006
Ethiopia,ETH,2021,352970000
Europe (UN),,2000,211470000
Europe (UN),,2001,234810000
Europe (UN),,2002,90540000
Europe (UN),,2003,86380000
Europe (UN),,2004,103910000
Europe (UN),,2005,122370000
Europe (UN),,2006,95410000
Europe (UN),,2007,108490000
Europe (UN),,2008,125240000
Europe (UN),,2009,266000000
Europe (UN),,2010,334280000
Europe (UN),,2011,305320000
Europe (UN),,2012,302990000
Europe (UN),,2013,384340000
Europe (UN),,2014,380780000
Europe (UN),,2015,327650000
Europe (UN),,2016,357760000
Europe (UN),,2017,337490000
Europe (UN),,2018,365900000
Europe (UN),,2019,414880000
Europe (UN),,2020,521870000
Europe (UN),,2021,417660000
Fiji,FJI,2000,1140000
Fiji,FJI,2001,690000
Fiji,FJI,2002,420000
Fiji,FJI,2003,2280000
Fiji,FJI,2004,2360000
Fiji,FJI,2005,4550000
Fiji,FJI,2006,3490000
Fiji,FJI,2007,4750000
Fiji,FJI,2008,3850000
Fiji,FJI,2009,3620000
Fiji,FJI,2010,3400000
Fiji,FJI,2011,5010000
Fiji,FJI,2012,9240000
Fiji,FJI,2013,10430000
Fiji,FJI,2014,7250000
Fiji,FJI,2015,22880000
Fiji,FJI,2016,10020000
Fiji,FJI,2017,19170000
Fiji,FJI,2018,15120000
Fiji,FJI,2019,13510000
Fiji,FJI,2020,18540000
Fiji,FJI,2021,36710000
Gabon,GAB,2000,8090000
Gabon,GAB,2001,8540000
Gabon,GAB,2002,10010000
Gabon,GAB,2003,7490000
Gabon,GAB,2004,5180000
Gabon,GAB,2005,11380000
Gabon,GAB,2006,3770000
Gabon,GAB,2007,21040000
Gabon,GAB,2008,27680000
Gabon,GAB,2009,4360000
Gabon,GAB,2010,16680000
Gabon,GAB,2011,21840000
Gabon,GAB,2012,8430000
Gabon,GAB,2013,8540000
Gabon,GAB,2014,11420000
Gabon,GAB,2015,6520000
Gabon,GAB,2016,5970000
Gabon,GAB,2017,3140000
Gabon,GAB,2018,4240000
Gabon,GAB,2019,2580000
Gabon,GAB,2020,2400000
Gabon,GAB,2021,2710000
Gambia,GMB,2000,6490000
Gambia,GMB,2001,17110000
Gambia,GMB,2002,14790000
Gambia,GMB,2003,25400000
Gambia,GMB,2004,15270000
Gambia,GMB,2005,7320000
Gambia,GMB,2006,6150000
Gambia,GMB,2007,6250000
Gambia,GMB,2008,9560000
Gambia,GMB,2009,17580000
Gambia,GMB,2010,9200000
Gambia,GMB,2011,11550000
Gambia,GMB,2012,8910000
Gambia,GMB,2013,20100000
Gambia,GMB,2014,3120000
Gambia,GMB,2015,8650000
Gambia,GMB,2016,14030000
Gambia,GMB,2017,19070000
Gambia,GMB,2018,8500000
Gambia,GMB,2019,19320000
Gambia,GMB,2020,17680000
Gambia,GMB,2021,9490000
Georgia,GEO,2000,40660000
Georgia,GEO,2001,51530000
Georgia,GEO,2002,24390000
Georgia,GEO,2003,18860000
Georgia,GEO,2004,13210000
Georgia,GEO,2005,14670000
Georgia,GEO,2006,21130000
Georgia,GEO,2007,23680000
Georgia,GEO,2008,26700000
Georgia,GEO,2009,32659999.999999996
Georgia,GEO,2010,18190000
Georgia,GEO,2011,18860000
Georgia,GEO,2012,23270000
Georgia,GEO,2013,36380000
Georgia,GEO,2014,29350000
Georgia,GEO,2015,47060000
Georgia,GEO,2016,54300000
Georgia,GEO,2017,57910000
Georgia,GEO,2018,48200000
Georgia,GEO,2019,56930000
Georgia,GEO,2020,54660000
Georgia,GEO,2021,61440000
Ghana,GHA,2000,166440000
Ghana,GHA,2001,111210000
Ghana,GHA,2002,49760000
Ghana,GHA,2003,63350000
Ghana,GHA,2004,64349999.99999999
Ghana,GHA,2005,92600000
Ghana,GHA,2006,86280000
Ghana,GHA,2007,96110000
Ghana,GHA,2008,171950000
Ghana,GHA,2009,257990000
Ghana,GHA,2010,313370000
Ghana,GHA,2011,262329999.99999997
Ghana,GHA,2012,250000000
Ghana,GHA,2013,177420000
Ghana,GHA,2014,156170000
Ghana,GHA,2015,188230000
Ghana,GHA,2016,210350000
Ghana,GHA,2017,160090000
Ghana,GHA,2018,201240000
Ghana,GHA,2019,176300000
Ghana,GHA,2020,228010000
Ghana,GHA,2021,183240000
Grenada,GRD,2000,2660000
Grenada,GRD,2001,7450000
Grenada,GRD,2002,1910000
Grenada,GRD,2003,7390000
Grenada,GRD,2004,8720000
Grenada,GRD,2005,360000
Grenada,GRD,2006,490000
Grenada,GRD,2007,770000
Grenada,GRD,2008,1570000
Grenada,GRD,2009,1110000
Grenada,GRD,2010,5350000
Grenada,GRD,2011,6620000
Grenada,GRD,2012,60000
Grenada,GRD,2013,60000
Grenada,GRD,2014,30000
Grenada,GRD,2015,3910000
Grenada,GRD,2016,3330000
Grenada,GRD,2017,90000
Grenada,GRD,2018,420000
Grenada,GRD,2019,210000
Grenada,GRD,2020,2280000
Grenada,GRD,2021,1430000
Guatemala,GTM,2000,34950000
Guatemala,GTM,2001,38190000
Guatemala,GTM,2002,34330000
Guatemala,GTM,2003,35360000
Guatemala,GTM,2004,33259999.999999996
Guatemala,GTM,2005,19660000
Guatemala,GTM,2006,30170000
Guatemala,GTM,2007,24770000
Guatemala,GTM,2008,38540000
Guatemala,GTM,2009,40020000
Guatemala,GTM,2010,45490000
Guatemala,GTM,2011,36770000
Guatemala,GTM,2012,42420000
Guatemala,GTM,2013,53340000
Guatemala,GTM,2014,61570000
Guatemala,GTM,2015,66879999.99999999
Guatemala,GTM,2016,56500000
Guatemala,GTM,2017,51970000
Guatemala,GTM,2018,44450000
Guatemala,GTM,2019,39310000
Guatemala,GTM,2020,33880000
Guatemala,GTM,2021,50050000
Guinea,GIN,2000,20500000
Guinea,GIN,2001,85260000
Guinea,GIN,2002,32070000
Guinea,GIN,2003,36230000
Guinea,GIN,2004,15940000
Guinea,GIN,2005,15280000
Guinea,GIN,2006,14050000
Guinea,GIN,2007,26340000
Guinea,GIN,2008,21130000
Guinea,GIN,2009,25860000
Guinea,GIN,2010,19980000
Guinea,GIN,2011,18850000
Guinea,GIN,2012,16239999.999999998
Guinea,GIN,2013,34090000
Guinea,GIN,2014,17410000
Guinea,GIN,2015,13480000
Guinea,GIN,2016,13900000
Guinea,GIN,2017,36200000
Guinea,GIN,2018,34650000
Guinea,GIN,2019,67450000
Guinea,GIN,2020,36860000
Guinea,GIN,2021,33090000.000000004
Guinea-Bissau,GNB,2000,1120000
Guinea-Bissau,GNB,2001,11320000
Guinea-Bissau,GNB,2002,2960000
Guinea-Bissau,GNB,2003,1590000
Guinea-Bissau,GNB,2004,3080000
Guinea-Bissau,GNB,2005,3700000
Guinea-Bissau,GNB,2006,7540000
Guinea-Bissau,GNB,2007,4190000.0000000005
Guinea-Bissau,GNB,2008,8540000
Guinea-Bissau,GNB,2009,14630000
Guinea-Bissau,GNB,2010,8960000
Guinea-Bissau,GNB,2011,15120000
Guinea-Bissau,GNB,2012,6970000
Guinea-Bissau,GNB,2013,5040000
Guinea-Bissau,GNB,2014,5950000
Guinea-Bissau,GNB,2015,9220000
Guinea-Bissau,GNB,2016,11840000
Guinea-Bissau,GNB,2017,15100000
Guinea-Bissau,GNB,2018,17130000
Guinea-Bissau,GNB,2019,10620000
Guinea-Bissau,GNB,2020,13850000
Guinea-Bissau,GNB,2021,17710000
Guyana,GUY,2000,360000
Guyana,GUY,2001,5080000
Guyana,GUY,2002,4560000
Guyana,GUY,2003,4050000
Guyana,GUY,2004,340000
Guyana,GUY,2005,80000
Guyana,GUY,2006,1850000
Guyana,GUY,2007,5830000
Guyana,GUY,2008,30380000
Guyana,GUY,2009,9250000
Guyana,GUY,2010,8550000
Guyana,GUY,2011,9320000
Guyana,GUY,2012,34800000
Guyana,GUY,2013,34810000
Guyana,GUY,2014,4310000
Guyana,GUY,2015,750000
Guyana,GUY,2016,35850000
Guyana,GUY,2017,2430000
Guyana,GUY,2018,2700000
Guyana,GUY,2019,2200000
Guyana,GUY,2020,490000
Guyana,GUY,2021,2170000
Haiti,HTI,2000,25910000
Haiti,HTI,2001,23150000
Haiti,HTI,2002,22930000
Haiti,HTI,2003,18840000
Haiti,HTI,2004,13730000
Haiti,HTI,2005,12310000
Haiti,HTI,2006,9040000
Haiti,HTI,2007,17030000
Haiti,HTI,2008,23140000
Haiti,HTI,2009,42330000
Haiti,HTI,2010,124100000
Haiti,HTI,2011,76480000
Haiti,HTI,2012,100810000
Haiti,HTI,2013,100180000
Haiti,HTI,2014,85710000
Haiti,HTI,2015,89380000
Haiti,HTI,2016,99810000
Haiti,HTI,2017,97990000
Haiti,HTI,2018,120290000
Haiti,HTI,2019,70640000
Haiti,HTI,2020,57940000
Haiti,HTI,2021,88490000
Honduras,HND,2000,70330000
Honduras,HND,2001,56750000
Honduras,HND,2002,28060000
Honduras,HND,2003,27530000
Honduras,HND,2004,34420000
Honduras,HND,2005,32610000
Honduras,HND,2006,26710000
Honduras,HND,2007,30520000
Honduras,HND,2008,50560000
Honduras,HND,2009,57710000
Honduras,HND,2010,54630000
Honduras,HND,2011,45760000
Honduras,HND,2012,47930000
Honduras,HND,2013,50420000
Honduras,HND,2014,45800000
Honduras,HND,2015,50860000
Honduras,HND,2016,81280000
Honduras,HND,2017,45050000
Honduras,HND,2018,61530000
Honduras,HND,2019,57440000
Honduras,HND,2020,45480000
Honduras,HND,2021,38710000
India,IND,2000,249060000
India,IND,2001,266790000.00000003
India,IND,2002,590770000
India,IND,2003,419550000
India,IND,2004,423360000
India,IND,2005,449440000
India,IND,2006,397040000
India,IND,2007,354310000
India,IND,2008,547630000
India,IND,2009,825680000
India,IND,2010,788780000
India,IND,2011,784300000
India,IND,2012,587100000
India,IND,2013,778210000
India,IND,2014,1030810000
India,IND,2015,1186240000
India,IND,2016,1025540000
India,IND,2017,704050000
India,IND,2018,686910000
India,IND,2019,709410000
India,IND,2020,700630000
India,IND,2021,891150000
Indonesia,IDN,2000,224780000
Indonesia,IDN,2001,466120000
Indonesia,IDN,2002,176010000
Indonesia,IDN,2003,140830000
Indonesia,IDN,2004,149850000
Indonesia,IDN,2005,126810000
Indonesia,IDN,2006,297690000
Indonesia,IDN,2007,430340000
Indonesia,IDN,2008,317480000
Indonesia,IDN,2009,279310000
Indonesia,IDN,2010,1045280000
Indonesia,IDN,2011,607040000
Indonesia,IDN,2012,314580000
Indonesia,IDN,2013,421150000
Indonesia,IDN,2014,319300000
Indonesia,IDN,2015,244280000
Indonesia,IDN,2016,325570000
Indonesia,IDN,2017,395560000
Indonesia,IDN,2018,240050000
Indonesia,IDN,2019,174390000
Indonesia,IDN,2020,335420000
Indonesia,IDN,2021,492050000
Iran,IRN,2000,220000
Iran,IRN,2001,60000
Iran,IRN,2002,120000
Iran,IRN,2003,3510000
Iran,IRN,2004,2780000
Iran,IRN,2005,2740000
Iran,IRN,2006,21380000
Iran,IRN,2007,14360000
Iran,IRN,2008,19240000
Iran,IRN,2009,13160000
Iran,IRN,2010,18260000
Iran,IRN,2011,12160000
Iran,IRN,2012,15200000
Iran,IRN,2013,7110000
Iran,IRN,2014,1190000
Iran,IRN,2015,4580000
Iran,IRN,2016,650000
Iran,IRN,2017,780000
Iran,IRN,2018,1000000
Iran,IRN,2019,2710000
Iran,IRN,2020,1590000
Iran,IRN,2021,4960000
Iraq,IRQ,2000,640000
Iraq,IRQ,2002,250000
Iraq,IRQ,2003,15850000
Iraq,IRQ,2004,16600000.000000002
Iraq,IRQ,2005,45620000
Iraq,IRQ,2006,67650000
Iraq,IRQ,2007,84810000
Iraq,IRQ,2008,132930000
Iraq,IRQ,2009,81420000
Iraq,IRQ,2010,104840000
Iraq,IRQ,2011,49180000
Iraq,IRQ,2012,44100000
Iraq,IRQ,2013,66400000.00000001
Iraq,IRQ,2014,26950000
Iraq,IRQ,2015,48570000
Iraq,IRQ,2016,22640000
Iraq,IRQ,2017,11870000
Iraq,IRQ,2018,4510000
Iraq,IRQ,2019,10540000
Iraq,IRQ,2020,8160000
Iraq,IRQ,2021,21680000
Jamaica,JAM,2000,398110000
Jamaica,JAM,2001,44910000
Jamaica,JAM,2002,4790000
Jamaica,JAM,2003,2920000
Jamaica,JAM,2004,2340000
Jamaica,JAM,2005,8610000
Jamaica,JAM,2006,1280000
Jamaica,JAM,2007,10410000
Jamaica,JAM,2008,8250000
Jamaica,JAM,2009,16120000.000000002
Jamaica,JAM,2010,24370000
Jamaica,JAM,2011,22150000
Jamaica,JAM,2012,12840000
Jamaica,JAM,2013,33280000
Jamaica,JAM,2014,18240000
Jamaica,JAM,2015,6410000
Jamaica,JAM,2016,15710000
Jamaica,JAM,2017,4200000
Jamaica,JAM,2018,21550000
Jamaica,JAM,2019,5300000
Jamaica,JAM,2020,23760000
Jamaica,JAM,2021,8400000
Jordan,JOR,2000,44910000
Jordan,JOR,2001,22250000
Jordan,JOR,2002,9320000
Jordan,JOR,2003,2670000
Jordan,JOR,2004,3540000
Jordan,JOR,2005,3550000
Jordan,JOR,2006,2049999.9999999998
Jordan,JOR,2007,1800000
Jordan,JOR,2008,15780000
Jordan,JOR,2009,10790000
Jordan,JOR,2010,10980000
Jordan,JOR,2011,6260000
Jordan,JOR,2012,7210000
Jordan,JOR,2013,4680000
Jordan,JOR,2014,15940000
Jordan,JOR,2015,26590000
Jordan,JOR,2016,40150000
Jordan,JOR,2017,24150000
Jordan,JOR,2018,15940000
Jordan,JOR,2019,12290000
Jordan,JOR,2020,23410000
Jordan,JOR,2021,8620000
Kazakhstan,KAZ,2000,4220000
Kazakhstan,KAZ,2001,73890000
Kazakhstan,KAZ,2002,30690000
Kazakhstan,KAZ,2003,19390000
Kazakhstan,KAZ,2004,23880000
Kazakhstan,KAZ,2005,14520000
Kazakhstan,KAZ,2006,7030000
Kazakhstan,KAZ,2007,7750000
Kazakhstan,KAZ,2008,15910000
Kazakhstan,KAZ,2009,32470000
Kazakhstan,KAZ,2010,60210000
Kazakhstan,KAZ,2011,15710000
Kazakhstan,KAZ,2012,3920000
Kazakhstan,KAZ,2013,36610000
Kazakhstan,KAZ,2014,7010000
Kazakhstan,KAZ,2015,73950000
Kazakhstan,KAZ,2016,4480000
Kazakhstan,KAZ,2017,48970000
Kazakhstan,KAZ,2018,16680000
Kazakhstan,KAZ,2019,17050000
Kazakhstan,KAZ,2020,21390000
Kazakhstan,KAZ,2021,15600000
Kenya,KEN,2000,103990000
Kenya,KEN,2001,73800000
Kenya,KEN,2002,43410000
Kenya,KEN,2003,74160000
Kenya,KEN,2004,50730000
Kenya,KEN,2005,46560000
Kenya,KEN,2006,102800000
Kenya,KEN,2007,114290000
Kenya,KEN,2008,128169999.99999999
Kenya,KEN,2009,115440000
Kenya,KEN,2010,146290000
Kenya,KEN,2011,151480000
Kenya,KEN,2012,159800000
Kenya,KEN,2013,204960000
Kenya,KEN,2014,200380000
Kenya,KEN,2015,212060000
Kenya,KEN,2016,209160000
Kenya,KEN,2017,219360000
Kenya,KEN,2018,226480000
Kenya,KEN,2019,664350000
Kenya,KEN,2020,712320000
Kenya,KEN,2021,366740000
Kiribati,KIR,2000,8150000
Kiribati,KIR,2001,150000
Kiribati,KIR,2002,350000
Kiribati,KIR,2003,1930000
Kiribati,KIR,2004,1290000
Kiribati,KIR,2005,5050000
Kiribati,KIR,2006,6340000
Kiribati,KIR,2007,9110000
Kiribati,KIR,2008,5210000
Kiribati,KIR,2009,2410000
Kiribati,KIR,2010,3190000
Kiribati,KIR,2011,1930000
Kiribati,KIR,2012,1830000
Kiribati,KIR,2013,1700000
Kiribati,KIR,2014,3320000
Kiribati,KIR,2015,2800000
Kiribati,KIR,2016,1580000
Kiribati,KIR,2017,4610000
Kiribati,KIR,2018,3640000
Kiribati,KIR,2019,4670000
Kiribati,KIR,2020,6980000
Kiribati,KIR,2021,6070000
Kosovo,OWID_KOS,2009,13300000
Kosovo,OWID_KOS,2010,13390000
Kosovo,OWID_KOS,2011,17740000
Kosovo,OWID_KOS,2012,30490000
Kosovo,OWID_KOS,2013,28320000
Kosovo,OWID_KOS,2014,19630000
Kosovo,OWID_KOS,2015,20850000
Kosovo,OWID_KOS,2016,12980000
Kosovo,OWID_KOS,2017,16100000.000000002
Kosovo,OWID_KOS,2018,9120000
Kosovo,OWID_KOS,2019,13610000
Kosovo,OWID_KOS,2020,18120000
Kosovo,OWID_KOS,2021,14020000
Kyrgyzstan,KGZ,2000,89860000
Kyrgyzstan,KGZ,2001,5070000
Kyrgyzstan,KGZ,2002,33049999.999999996
Kyrgyzstan,KGZ,2003,25620000
Kyrgyzstan,KGZ,2004,24770000
Kyrgyzstan,KGZ,2005,36640000
Kyrgyzstan,KGZ,2006,25670000
Kyrgyzstan,KGZ,2007,32619999.999999996
Kyrgyzstan,KGZ,2008,35950000
Kyrgyzstan,KGZ,2009,27000000
Kyrgyzstan,KGZ,2010,24800000
Kyrgyzstan,KGZ,2011,32540000
Kyrgyzstan,KGZ,2012,32740000.000000004
Kyrgyzstan,KGZ,2013,31130000
Kyrgyzstan,KGZ,2014,17990000
Kyrgyzstan,KGZ,2015,27430000
Kyrgyzstan,KGZ,2016,23130000
Kyrgyzstan,KGZ,2017,23990000
Kyrgyzstan,KGZ,2018,23100000
Kyrgyzstan,KGZ,2019,14320000
Kyrgyzstan,KGZ,2020,10000000
Kyrgyzstan,KGZ,2021,17790000
Laos,LAO,2000,30710000
Laos,LAO,2001,70640000
Laos,LAO,2002,31740000
Laos,LAO,2003,30040000
Laos,LAO,2004,32430000
Laos,LAO,2005,46480000
Laos,LAO,2006,53370000
Laos,LAO,2007,75110000
Laos,LAO,2008,54330000
Laos,LAO,2009,53290000
Laos,LAO,2010,57460000
Laos,LAO,2011,63590000
Laos,LAO,2012,62910000
Laos,LAO,2013,63890000
Laos,LAO,2014,75030000
Laos,LAO,2015,75910000
Laos,LAO,2016,83770000
Laos,LAO,2017,96040000
Laos,LAO,2018,110840000
Laos,LAO,2019,102780000
Laos,LAO,2020,103760000
Laos,LAO,2021,89600000
Latin America and the Caribbean (UN),,2000,1893800000
Latin America and the Caribbean (UN),,2001,1881580000
Latin America and the Caribbean (UN),,2002,791310000
Latin America and the Caribbean (UN),,2003,745080000
Latin America and the Caribbean (UN),,2004,1305080000
Latin America and the Caribbean (UN),,2005,883370000
Latin America and the Caribbean (UN),,2006,979940000
Latin America and the Caribbean (UN),,2007,1126410000
Latin America and the Caribbean (UN),,2008,1134690000
Latin America and the Caribbean (UN),,2009,1245760000
Latin America and the Caribbean (UN),,2010,1820910000
Latin America and the Caribbean (UN),,2011,1512150000
Latin America and the Caribbean (UN),,2012,1698850000
Latin America and the Caribbean (UN),,2013,1321180000
Latin America and the Caribbean (UN),,2014,1316660000
Latin America and the Caribbean (UN),,2015,1312280000
Latin America and the Caribbean (UN),,2016,1406810000
Latin America and the Caribbean (UN),,2017,1272120000
Latin America and the Caribbean (UN),,2018,1317660000
Latin America and the Caribbean (UN),,2019,1059230000
Latin America and the Caribbean (UN),,2020,1527990000
Latin America and the Caribbean (UN),,2021,1427890000
Least Developed Countries (LDCs),,2000,2411390000
Least Developed Countries (LDCs),,2001,1785730000
Least Developed Countries (LDCs),,2002,1303280000
Least Developed Countries (LDCs),,2003,1547060000
Least Developed Countries (LDCs),,2004,1597520000
Least Developed Countries (LDCs),,2005,1840390000
Least Developed Countries (LDCs),,2006,1930280000
Least Developed Countries (LDCs),,2007,2086639999.9999998
Least Developed Countries (LDCs),,2008,2528390000
Least Developed Countries (LDCs),,2009,3318240000
Least Developed Countries (LDCs),,2010,3713870000
Least Developed Countries (LDCs),,2011,3713970000
Least Developed Countries (LDCs),,2012,3608940000
Least Developed Countries (LDCs),,2013,3742210000
Least Developed Countries (LDCs),,2014,3984540000
Least Developed Countries (LDCs),,2015,4048170000
Least Developed Countries (LDCs),,2016,4535350000
Least Developed Countries (LDCs),,2017,4603750000
Least Developed Countries (LDCs),,2018,4329030000
Least Developed Countries (LDCs),,2019,4612910000
Least Developed Countries (LDCs),,2020,4954660000
Least Developed Countries (LDCs),,2021,3992980000
Lebanon,LBN,2000,11080000
Lebanon,LBN,2001,21720000
Lebanon,LBN,2002,15430000
Lebanon,LBN,2003,14480000
Lebanon,LBN,2004,10980000
Lebanon,LBN,2005,3530000
Lebanon,LBN,2006,5490000
Lebanon,LBN,2007,6780000
Lebanon,LBN,2008,14390000
Lebanon,LBN,2009,9660000
Lebanon,LBN,2010,8029999.999999999
Lebanon,LBN,2011,14410000
Lebanon,LBN,2012,28420000
Lebanon,LBN,2013,19220000
Lebanon,LBN,2014,47530000
Lebanon,LBN,2015,35210000
Lebanon,LBN,2016,64290000.00000001
Lebanon,LBN,2017,80530000
Lebanon,LBN,2018,53990000
Lebanon,LBN,2019,38410000
Lebanon,LBN,2020,59070000
Lebanon,LBN,2021,24810000
Lesotho,LSO,2000,18400000
Lesotho,LSO,2001,4410000
Lesotho,LSO,2002,5210000
Lesotho,LSO,2003,7820000
Lesotho,LSO,2004,5220000
Lesotho,LSO,2005,2840000
Lesotho,LSO,2006,5950000
Lesotho,LSO,2007,4130000
Lesotho,LSO,2008,5220000
Lesotho,LSO,2009,7240000
Lesotho,LSO,2010,3260000
Lesotho,LSO,2011,4910000
Lesotho,LSO,2012,8279999.999999999
Lesotho,LSO,2013,4620000
Lesotho,LSO,2014,5930000
Lesotho,LSO,2015,2610000
Lesotho,LSO,2016,5040000
Lesotho,LSO,2017,1730000
Lesotho,LSO,2018,4420000
Lesotho,LSO,2019,12470000
Lesotho,LSO,2020,9100000
Lesotho,LSO,2021,10190000
Liberia,LBR,2000,4930000
Liberia,LBR,2001,4870000
Liberia,LBR,2002,130000
Liberia,LBR,2003,60000
Liberia,LBR,2004,810000
Liberia,LBR,2005,2580000
Liberia,LBR,2006,1230000
Liberia,LBR,2007,2540000
Liberia,LBR,2008,16670000.000000002
Liberia,LBR,2009,41460000
Liberia,LBR,2010,15520000
Liberia,LBR,2011,23840000
Liberia,LBR,2012,31790000
Liberia,LBR,2013,49030000
Liberia,LBR,2014,39870000
Liberia,LBR,2015,44070000
Liberia,LBR,2016,33549999.999999996
Liberia,LBR,2017,33860000
Liberia,LBR,2018,25280000
Liberia,LBR,2019,32100000
Liberia,LBR,2020,34880000
Liberia,LBR,2021,40000000
Libya,LBY,2005,8550000
Libya,LBY,2006,400000
Libya,LBY,2007,2980000
Libya,LBY,2008,970000
Libya,LBY,2009,830000
Libya,LBY,2010,480000
Libya,LBY,2012,1470000
Libya,LBY,2013,290000
Libya,LBY,2014,0
Libya,LBY,2015,680000
Libya,LBY,2016,2270000
Libya,LBY,2019,0
Libya,LBY,2020,1270000
Libya,LBY,2021,1520000
Madagascar,MDG,2000,94000000
Madagascar,MDG,2001,204010000
Madagascar,MDG,2002,50720000
Madagascar,MDG,2003,81910000
Madagascar,MDG,2004,99380000
Madagascar,MDG,2005,76910000
Madagascar,MDG,2006,79910000
Madagascar,MDG,2007,127420000
Madagascar,MDG,2008,73960000
Madagascar,MDG,2009,63000000
Madagascar,MDG,2010,59870000
Madagascar,MDG,2011,62400000
Madagascar,MDG,2012,49490000
Madagascar,MDG,2013,50870000
Madagascar,MDG,2014,75090000
Madagascar,MDG,2015,64319999.99999999
Madagascar,MDG,2016,143640000
Madagascar,MDG,2017,105860000
Madagascar,MDG,2018,96650000
Madagascar,MDG,2019,96650000
Madagascar,MDG,2020,110720000
Madagascar,MDG,2021,105870000
Malawi,MWI,2000,64180000.00000001
Malawi,MWI,2001,22450000
Malawi,MWI,2002,36660000
Malawi,MWI,2003,80940000
Malawi,MWI,2004,63430000
Malawi,MWI,2005,93370000
Malawi,MWI,2006,80430000
Malawi,MWI,2007,105070000
Malawi,MWI,2008,89200000
Malawi,MWI,2009,84160000
Malawi,MWI,2010,117150000
Malawi,MWI,2011,119970000
Malawi,MWI,2012,112110000
Malawi,MWI,2013,133620000
Malawi,MWI,2014,127520000
Malawi,MWI,2015,148920000
Malawi,MWI,2016,181730000
Malawi,MWI,2017,214430000
Malawi,MWI,2018,156540000
Malawi,MWI,2019,130280000
Malawi,MWI,2020,142410000
Malawi,MWI,2021,174410000
Malaysia,MYS,2000,9610000
Malaysia,MYS,2001,970000
Malaysia,MYS,2002,3320000
Malaysia,MYS,2003,6950000
Malaysia,MYS,2004,5460000
Malaysia,MYS,2005,3250000
Malaysia,MYS,2006,2970000
Malaysia,MYS,2007,4230000
Malaysia,MYS,2008,13850000
Malaysia,MYS,2009,2350000
Malaysia,MYS,2010,2460000
Malaysia,MYS,2011,3020000
Malaysia,MYS,2012,2620000
Malaysia,MYS,2013,5210000
Malaysia,MYS,2014,6470000
Malaysia,MYS,2015,5260000
Malaysia,MYS,2016,3810000
Malaysia,MYS,2017,3930000
Malaysia,MYS,2018,2800000
Malaysia,MYS,2019,2570000
Malaysia,MYS,2020,1480000
Malaysia,MYS,2021,1730000
Maldives,MDV,2000,20000
Maldives,MDV,2002,60000
Maldives,MDV,2003,90000
Maldives,MDV,2004,100000
Maldives,MDV,2005,1080000
Maldives,MDV,2006,1330000
Maldives,MDV,2007,40000
Maldives,MDV,2008,0
Maldives,MDV,2009,30000
Maldives,MDV,2010,40000
Maldives,MDV,2011,70000
Maldives,MDV,2012,150000
Maldives,MDV,2013,200000
Maldives,MDV,2014,1630000
Maldives,MDV,2015,660000
Maldives,MDV,2016,1500000
Maldives,MDV,2017,6620000
Maldives,MDV,2018,5240000
Maldives,MDV,2019,15970000
Maldives,MDV,2020,62770000
Maldives,MDV,2021,15060000
Mali,MLI,2000,183750000
Mali,MLI,2001,130949999.99999999
Mali,MLI,2002,92080000
Mali,MLI,2003,81440000
Mali,MLI,2004,102270000
Mali,MLI,2005,113490000
Mali,MLI,2006,111080000
Mali,MLI,2007,144530000
Mali,MLI,2008,139060000
Mali,MLI,2009,192360000
Mali,MLI,2010,241430000
Mali,MLI,2011,275350000
Mali,MLI,2012,174490000
Mali,MLI,2013,162020000
Mali,MLI,2014,191590000
Mali,MLI,2015,146560000
Mali,MLI,2016,207200000
Mali,MLI,2017,194490000
Mali,MLI,2018,226770000
Mali,MLI,2019,283670000
Mali,MLI,2020,172340000
Mali,MLI,2021,151750000
Marshall Islands,MHL,2000,3380000
Marshall Islands,MHL,2002,1270000
Marshall Islands,MHL,2003,930000
Marshall Islands,MHL,2004,960000
Marshall Islands,MHL,2005,1140000
Marshall Islands,MHL,2006,700000
Marshall Islands,MHL,2007,430000
Marshall Islands,MHL,2008,850000
Marshall Islands,MHL,2009,3080000
Marshall Islands,MHL,2010,3780000
Marshall Islands,MHL,2011,2009999.9999999998
Marshall Islands,MHL,2012,580000
Marshall Islands,MHL,2013,1110000
Marshall Islands,MHL,2014,720000
Marshall Islands,MHL,2015,1650000
Marshall Islands,MHL,2016,350000
Marshall Islands,MHL,2017,1280000
Marshall Islands,MHL,2018,1530000
Marshall Islands,MHL,2019,4480000
Marshall Islands,MHL,2020,2550000
Marshall Islands,MHL,2021,3300000
Mauritania,MRT,2000,32290000
Mauritania,MRT,2001,41490000
Mauritania,MRT,2002,40770000
Mauritania,MRT,2003,35810000
Mauritania,MRT,2004,34410000
Mauritania,MRT,2005,42050000
Mauritania,MRT,2006,29170000
Mauritania,MRT,2007,40040000
Mauritania,MRT,2008,33500000
Mauritania,MRT,2009,39520000
Mauritania,MRT,2010,34300000
Mauritania,MRT,2011,24720000
Mauritania,MRT,2012,13850000
Mauritania,MRT,2013,16830000
Mauritania,MRT,2014,19380000
Mauritania,MRT,2015,16430000
Mauritania,MRT,2016,47630000
Mauritania,MRT,2017,29250000
Mauritania,MRT,2018,36920000
Mauritania,MRT,2019,61380000
Mauritania,MRT,2020,78370000
Mauritania,MRT,2021,56800000
Mauritius,MUS,2000,2340000
Mauritius,MUS,2001,1170000
Mauritius,MUS,2002,1780000
Mauritius,MUS,2003,5820000
Mauritius,MUS,2004,8550000
Mauritius,MUS,2005,2340000
Mauritius,MUS,2006,1500000
Mauritius,MUS,2007,13390000
Mauritius,MUS,2008,6660000
Mauritius,MUS,2009,760000
Mauritius,MUS,2010,2910000
Mauritius,MUS,2011,910000
Mauritius,MUS,2012,1110000
Mauritius,MUS,2013,280000
Mauritius,MUS,2014,1310000
Mauritius,MUS,2015,10000
Mauritius,MUS,2016,2310000
Mauritius,MUS,2017,2500000
Mauritius,MUS,2018,5180000
Mauritius,MUS,2019,6920000
Mauritius,MUS,2020,2860000
Mauritius,MUS,2021,4850000
Mayotte,MYT,2001,6750000
Mayotte,MYT,2002,6070000
Mayotte,MYT,2003,7400000
Mayotte,MYT,2004,5520000
Mayotte,MYT,2005,450000
Mayotte,MYT,2006,490000
Mayotte,MYT,2007,34120000
Mayotte,MYT,2008,18450000
Mayotte,MYT,2009,36510000
Mayotte,MYT,2010,9200000
Mexico,MEX,2000,43260000
Mexico,MEX,2001,797820000
Mexico,MEX,2002,181710000
Mexico,MEX,2003,116100000
Mexico,MEX,2004,57840000
Mexico,MEX,2005,141520000
Mexico,MEX,2006,168180000
Mexico,MEX,2007,144090000
Mexico,MEX,2008,194880000
Mexico,MEX,2009,31890000
Mexico,MEX,2010,495460000
Mexico,MEX,2011,180770000
Mexico,MEX,2012,337520000
Mexico,MEX,2013,97400000
Mexico,MEX,2014,108580000
Mexico,MEX,2015,100640000
Mexico,MEX,2016,118940000
Mexico,MEX,2017,77370000
Mexico,MEX,2018,42770000
Mexico,MEX,2019,28130000
Mexico,MEX,2020,27050000
Mexico,MEX,2021,205190000
Micronesia (country),FSM,2000,10000000
Micronesia (country),FSM,2002,1240000
Micronesia (country),FSM,2003,1570000
Micronesia (country),FSM,2004,1150000
Micronesia (country),FSM,2005,930000
Micronesia (country),FSM,2006,750000
Micronesia (country),FSM,2007,1990000
Micronesia (country),FSM,2008,1330000
Micronesia (country),FSM,2009,1300000
Micronesia (country),FSM,2010,1100000
Micronesia (country),FSM,2011,890000
Micronesia (country),FSM,2012,1550000
Micronesia (country),FSM,2013,18510000
Micronesia (country),FSM,2014,840000
Micronesia (country),FSM,2015,2080000
Micronesia (country),FSM,2016,690000
Micronesia (country),FSM,2017,2180000
Micronesia (country),FSM,2018,1960000
Micronesia (country),FSM,2019,4700000
Micronesia (country),FSM,2020,2860000
Micronesia (country),FSM,2021,2790000
Moldova,MDA,2000,11590000
Moldova,MDA,2001,16800000
Moldova,MDA,2002,19210000
Moldova,MDA,2003,6280000
Moldova,MDA,2004,6960000
Moldova,MDA,2005,5890000
Moldova,MDA,2006,16600000.000000002
Moldova,MDA,2007,19980000
Moldova,MDA,2008,23140000
Moldova,MDA,2009,21100000
Moldova,MDA,2010,25160000
Moldova,MDA,2011,22390000
Moldova,MDA,2012,49950000
Moldova,MDA,2013,43190000
Moldova,MDA,2014,70930000
Moldova,MDA,2015,89560000
Moldova,MDA,2016,87520000
Moldova,MDA,2017,48780000
Moldova,MDA,2018,14480000
Moldova,MDA,2019,33420000
Moldova,MDA,2020,30280000
Moldova,MDA,2021,79470000
Mongolia,MNG,2000,4720000
Mongolia,MNG,2001,27720000
Mongolia,MNG,2002,1200000
Mongolia,MNG,2003,6450000
Mongolia,MNG,2004,6960000
Mongolia,MNG,2005,9840000
Mongolia,MNG,2006,17460000
Mongolia,MNG,2007,14980000
Mongolia,MNG,2008,24460000
Mongolia,MNG,2009,21470000
Mongolia,MNG,2010,45000000
Mongolia,MNG,2011,22110000
Mongolia,MNG,2012,25430000
Mongolia,MNG,2013,19360000
Mongolia,MNG,2014,23070000
Mongolia,MNG,2015,19420000
Mongolia,MNG,2016,21720000
Mongolia,MNG,2017,36260000
Mongolia,MNG,2018,19370000
Mongolia,MNG,2019,19030000
Mongolia,MNG,2020,31240000
Mongolia,MNG,2021,27240000
Montenegro,MNE,2006,1590000
Montenegro,MNE,2007,2710000
Montenegro,MNE,2008,2280000
Montenegro,MNE,2009,6380000
Montenegro,MNE,2010,7840000
Montenegro,MNE,2011,8199999.999999999
Montenegro,MNE,2012,11090000
Montenegro,MNE,2013,10690000
Montenegro,MNE,2014,8350000
Montenegro,MNE,2015,25950000
Montenegro,MNE,2016,4550000
Montenegro,MNE,2017,24490000
Montenegro,MNE,2018,11740000
Montenegro,MNE,2019,8029999.999999999
Montenegro,MNE,2020,8150000
Montenegro,MNE,2021,5930000
Montserrat,MSR,2000,690000
Montserrat,MSR,2001,620000
Montserrat,MSR,2002,440000
Montserrat,MSR,2003,80000
Montserrat,MSR,2004,30000
Montserrat,MSR,2005,90000
Montserrat,MSR,2006,2850000
Montserrat,MSR,2007,3140000
Montserrat,MSR,2008,1070000
Montserrat,MSR,2010,10000
Montserrat,MSR,2017,1310000
Montserrat,MSR,2018,1320000
Montserrat,MSR,2019,1390000
Montserrat,MSR,2020,1340000
Montserrat,MSR,2021,1120000
Morocco,MAR,2000,56110000
Morocco,MAR,2001,76460000
Morocco,MAR,2002,19950000
Morocco,MAR,2003,28840000
Morocco,MAR,2004,28900000
Morocco,MAR,2005,40470000
Morocco,MAR,2006,52890000
Morocco,MAR,2007,112850000
Morocco,MAR,2008,48150000
Morocco,MAR,2009,58190000
Morocco,MAR,2010,113580000
Morocco,MAR,2011,360760000
Morocco,MAR,2012,261480000.00000003
Morocco,MAR,2013,578500000
Morocco,MAR,2014,190030000
Morocco,MAR,2015,187290000
Morocco,MAR,2016,326100000
Morocco,MAR,2017,609810000
Morocco,MAR,2018,355680000
Morocco,MAR,2019,294770000
Morocco,MAR,2020,270920000
Morocco,MAR,2021,199540000
Mozambique,MOZ,2000,61750000
Mozambique,MOZ,2001,133940000
Mozambique,MOZ,2002,107280000
Mozambique,MOZ,2003,115990000
Mozambique,MOZ,2004,80140000
Mozambique,MOZ,2005,131850000
Mozambique,MOZ,2006,113100000
Mozambique,MOZ,2007,108080000
Mozambique,MOZ,2008,160990000
Mozambique,MOZ,2009,121100000
Mozambique,MOZ,2010,148900000
Mozambique,MOZ,2011,121920000
Mozambique,MOZ,2012,148190000
Mozambique,MOZ,2013,195030000
Mozambique,MOZ,2014,150560000
Mozambique,MOZ,2015,237380000
Mozambique,MOZ,2016,195480000
Mozambique,MOZ,2017,176800000
Mozambique,MOZ,2018,151280000
Mozambique,MOZ,2019,143870000
Mozambique,MOZ,2020,121270000
Mozambique,MOZ,2021,180490000
Myanmar,MMR,2000,2180000
Myanmar,MMR,2001,690000
Myanmar,MMR,2002,210000
Myanmar,MMR,2003,8260000
Myanmar,MMR,2004,4670000
Myanmar,MMR,2005,8430000
Myanmar,MMR,2006,13630000
Myanmar,MMR,2007,11170000
Myanmar,MMR,2008,15640000
Myanmar,MMR,2009,25910000
Myanmar,MMR,2010,41550000
Myanmar,MMR,2011,68540000
Myanmar,MMR,2012,24760000
Myanmar,MMR,2013,57560000
Myanmar,MMR,2014,79920000
Myanmar,MMR,2015,154670000
Myanmar,MMR,2016,240760000
Myanmar,MMR,2017,211610000
Myanmar,MMR,2018,231320000
Myanmar,MMR,2019,246120000
Myanmar,MMR,2020,263440000
Myanmar,MMR,2021,87130000
Namibia,NAM,2000,20150000
Namibia,NAM,2001,30040000
Namibia,NAM,2002,14600000
Namibia,NAM,2003,19060000
Namibia,NAM,2004,15920000
Namibia,NAM,2005,20770000
Namibia,NAM,2006,25580000
Namibia,NAM,2007,36680000
Namibia,NAM,2008,21660000
Namibia,NAM,2009,13670000
Namibia,NAM,2010,18370000
Namibia,NAM,2011,19720000
Namibia,NAM,2012,20960000
Namibia,NAM,2013,28560000
Namibia,NAM,2014,34610000
Namibia,NAM,2015,18760000
Namibia,NAM,2016,19250000
Namibia,NAM,2017,15560000
Namibia,NAM,2018,23800000
Namibia,NAM,2019,28090000
Namibia,NAM,2020,20320000
Namibia,NAM,2021,16840000
Nauru,NRU,2003,190000
Nauru,NRU,2004,230000
Nauru,NRU,2005,300000
Nauru,NRU,2006,370000
Nauru,NRU,2007,390000
Nauru,NRU,2008,310000
Nauru,NRU,2009,1000000
Nauru,NRU,2010,570000
Nauru,NRU,2011,1100000
Nauru,NRU,2012,470000
Nauru,NRU,2013,1650000
Nauru,NRU,2014,840000
Nauru,NRU,2015,450000
Nauru,NRU,2016,290000
Nauru,NRU,2017,420000
Nauru,NRU,2018,270000
Nauru,NRU,2019,1060000
Nauru,NRU,2020,2340000
Nauru,NRU,2021,960000
Nepal,NPL,2000,80790000
Nepal,NPL,2001,108010000
Nepal,NPL,2002,62080000
Nepal,NPL,2003,44740000
Nepal,NPL,2004,48020000
Nepal,NPL,2005,34500000
Nepal,NPL,2006,31630000
Nepal,NPL,2007,37200000
Nepal,NPL,2008,37380000
Nepal,NPL,2009,57670000
Nepal,NPL,2010,110730000
Nepal,NPL,2011,125750000
Nepal,NPL,2012,116530000
Nepal,NPL,2013,82190000
Nepal,NPL,2014,90770000
Nepal,NPL,2015,114710000
Nepal,NPL,2016,124800000
Nepal,NPL,2017,152550000
Nepal,NPL,2018,97370000
Nepal,NPL,2019,120040000
Nepal,NPL,2020,86610000
Nepal,NPL,2021,84330000
Nicaragua,NIC,2000,77120000
Nicaragua,NIC,2001,55640000
Nicaragua,NIC,2002,56600000
Nicaragua,NIC,2003,53560000
Nicaragua,NIC,2004,63300000
Nicaragua,NIC,2005,51200000
Nicaragua,NIC,2006,99070000
Nicaragua,NIC,2007,120230000
Nicaragua,NIC,2008,103270000
Nicaragua,NIC,2009,80280000
Nicaragua,NIC,2010,71300000
Nicaragua,NIC,2011,65459999.99999999
Nicaragua,NIC,2012,42660000
Nicaragua,NIC,2013,44270000
Nicaragua,NIC,2014,36340000
Nicaragua,NIC,2015,44080000
Nicaragua,NIC,2016,40050000
Nicaragua,NIC,2017,28310000
Nicaragua,NIC,2018,42330000
Nicaragua,NIC,2019,33730000
Nicaragua,NIC,2020,55150000
Nicaragua,NIC,2021,54170000
Niger,NER,2000,127580000
Niger,NER,2001,47350000
Niger,NER,2002,35730000
Niger,NER,2003,46490000
Niger,NER,2004,65920000
Niger,NER,2005,77360000
Niger,NER,2006,75750000
Niger,NER,2007,71050000
Niger,NER,2008,65810000
Niger,NER,2009,49940000
Niger,NER,2010,75400000
Niger,NER,2011,59390000
Niger,NER,2012,72650000
Niger,NER,2013,69750000
Niger,NER,2014,89010000
Niger,NER,2015,69250000
Niger,NER,2016,145720000
Niger,NER,2017,196500000
Niger,NER,2018,190560000
Niger,NER,2019,189070000
Niger,NER,2020,247330000
Niger,NER,2021,266079999.99999997
Nigeria,NGA,2000,30470000
Nigeria,NGA,2001,66470000
Nigeria,NGA,2002,16719999.999999998
Nigeria,NGA,2003,11400000
Nigeria,NGA,2004,17400000
Nigeria,NGA,2005,31860000
Nigeria,NGA,2006,63310000
Nigeria,NGA,2007,33369999.999999996
Nigeria,NGA,2008,34240000
Nigeria,NGA,2009,56330000
Nigeria,NGA,2010,120840000
Nigeria,NGA,2011,118690000
Nigeria,NGA,2012,133199999.99999999
Nigeria,NGA,2013,146800000
Nigeria,NGA,2014,228750000
Nigeria,NGA,2015,172760000
Nigeria,NGA,2016,168390000
Nigeria,NGA,2017,346940000
Nigeria,NGA,2018,260350000.00000003
Nigeria,NGA,2019,445840000
Nigeria,NGA,2020,294800000
Nigeria,NGA,2021,257220000.00000003
Niue,NIU,2002,20000
Niue,NIU,2003,490000
Niue,NIU,2004,310000
Niue,NIU,2005,610000
Niue,NIU,2006,350000
Niue,NIU,2007,280000
Niue,NIU,2008,20000
Niue,NIU,2009,20000
Niue,NIU,2010,250000
Niue,NIU,2011,0
Niue,NIU,2012,260000
Niue,NIU,2013,630000
Niue,NIU,2014,220000
Niue,NIU,2015,160000
Niue,NIU,2017,150000
Niue,NIU,2018,30000
Niue,NIU,2019,780000
Niue,NIU,2020,520000
Niue,NIU,2021,430000
North Korea,PRK,2000,1950000
North Korea,PRK,2001,4970000
North Korea,PRK,2002,980000
North Korea,PRK,2003,5220000
North Korea,PRK,2004,4490000
North Korea,PRK,2005,4370000
North Korea,PRK,2006,2920000
North Korea,PRK,2007,2360000
North Korea,PRK,2008,2060000
North Korea,PRK,2009,3680000
North Korea,PRK,2010,4610000
North Korea,PRK,2011,1430000
North Korea,PRK,2012,2930000
North Korea,PRK,2013,2540000
North Korea,PRK,2014,2290000
North Korea,PRK,2015,1960000
North Korea,PRK,2016,1770000
North Korea,PRK,2017,1160000
North Korea,PRK,2018,1770000
North Korea,PRK,2019,1520000
North Korea,PRK,2020,1100000
North Korea,PRK,2021,880000
North Macedonia,MKD,2000,31470000
North Macedonia,MKD,2001,9630000
North Macedonia,MKD,2002,11070000
North Macedonia,MKD,2003,10830000
North Macedonia,MKD,2004,14850000
North Macedonia,MKD,2005,12160000
North Macedonia,MKD,2006,10790000
North Macedonia,MKD,2007,11190000
North Macedonia,MKD,2008,11760000
North Macedonia,MKD,2009,10940000
North Macedonia,MKD,2010,13280000
North Macedonia,MKD,2011,17890000
North Macedonia,MKD,2012,9080000
North Macedonia,MKD,2013,14040000
North Macedonia,MKD,2014,10870000
North Macedonia,MKD,2015,2710000
North Macedonia,MKD,2016,12810000
North Macedonia,MKD,2017,14140000
North Macedonia,MKD,2018,9950000
North Macedonia,MKD,2019,14650000
North Macedonia,MKD,2020,19540000
North Macedonia,MKD,2021,14260000
Northern Africa (UN),,2000,615960000
Northern Africa (UN),,2001,287430000
Northern Africa (UN),,2002,225540000
Northern Africa (UN),,2003,232920000
Northern Africa (UN),,2004,210830000
Northern Africa (UN),,2005,270910000
Northern Africa (UN),,2006,291440000
Northern Africa (UN),,2007,282130000
Northern Africa (UN),,2008,225080000
Northern Africa (UN),,2009,262730000.00000003
Northern Africa (UN),,2010,331960000
Northern Africa (UN),,2011,695470000
Northern Africa (UN),,2012,542350000
Northern Africa (UN),,2013,827430000
Northern Africa (UN),,2014,900480000
Northern Africa (UN),,2015,796150000
Northern Africa (UN),,2016,777280000
Northern Africa (UN),,2017,1071890000.0000001
Northern Africa (UN),,2018,737200000
Northern Africa (UN),,2019,755780000
Northern Africa (UN),,2020,808050000
Northern Africa (UN),,2021,463300000
Oceania (UN),,2000,99170000
Oceania (UN),,2001,66140000
Oceania (UN),,2002,47460000
Oceania (UN),,2003,54000000
Oceania (UN),,2004,41700000
Oceania (UN),,2005,47570000
Oceania (UN),,2006,55080000
Oceania (UN),,2007,58350000
Oceania (UN),,2008,61410000
Oceania (UN),,2009,69140000
Oceania (UN),,2010,62700000
Oceania (UN),,2011,65250000
Oceania (UN),,2012,67069999.99999999
Oceania (UN),,2013,83590000
Oceania (UN),,2014,69830000
Oceania (UN),,2015,91890000
Oceania (UN),,2016,62400000
Oceania (UN),,2017,106760000
Oceania (UN),,2018,111160000
Oceania (UN),,2019,141670000
Oceania (UN),,2020,146380000
Oceania (UN),,2021,142390000
Oman,OMN,2000,5720000
Oman,OMN,2001,0
Oman,OMN,2002,1540000
Oman,OMN,2003,1450000
Oman,OMN,2004,660000
Oman,OMN,2005,260000
Oman,OMN,2006,150000
Oman,OMN,2007,170000
Oman,OMN,2008,170000
Oman,OMN,2009,160000
Oman,OMN,2010,60000
Pakistan,PAK,2000,66610000
Pakistan,PAK,2001,189120000
Pakistan,PAK,2002,137900000
Pakistan,PAK,2003,49750000
Pakistan,PAK,2004,105220000
Pakistan,PAK,2005,75890000
Pakistan,PAK,2006,266380000
Pakistan,PAK,2007,221430000
Pakistan,PAK,2008,88110000
Pakistan,PAK,2009,112410000
Pakistan,PAK,2010,175590000
Pakistan,PAK,2011,191940000
Pakistan,PAK,2012,272250000
Pakistan,PAK,2013,366340000
Pakistan,PAK,2014,362610000
Pakistan,PAK,2015,331350000
Pakistan,PAK,2016,267930000
Pakistan,PAK,2017,307450000
Pakistan,PAK,2018,290080000
Pakistan,PAK,2019,324850000
Pakistan,PAK,2020,210710000
Pakistan,PAK,2021,234990000
Palau,PLW,2000,200000
Palau,PLW,2002,1760000
Palau,PLW,2003,3170000
Palau,PLW,2004,780000
Palau,PLW,2005,1340000
Palau,PLW,2006,4600000
Palau,PLW,2007,1920000
Palau,PLW,2008,460000
Palau,PLW,2009,420000
Palau,PLW,2010,620000
Palau,PLW,2011,280000
Palau,PLW,2012,540000
Palau,PLW,2013,920000
Palau,PLW,2014,570000
Palau,PLW,2015,790000
Palau,PLW,2016,760000
Palau,PLW,2017,3140000
Palau,PLW,2018,5830000
Palau,PLW,2019,3140000
Palau,PLW,2020,1030000
Palau,PLW,2021,3800000
Palestine,PSE,2000,18450000
Palestine,PSE,2001,13040000
Palestine,PSE,2002,9280000
Palestine,PSE,2003,3570000
Palestine,PSE,2004,6470000
Palestine,PSE,2005,7410000
Palestine,PSE,2006,19490000
Palestine,PSE,2007,21020000
Palestine,PSE,2008,26520000
Palestine,PSE,2009,39130000
Palestine,PSE,2010,53900000
Palestine,PSE,2011,38520000
Palestine,PSE,2012,21740000
Palestine,PSE,2013,23200000
Palestine,PSE,2014,30780000
Palestine,PSE,2015,24290000
Palestine,PSE,2016,34760000
Palestine,PSE,2017,33840000
Palestine,PSE,2018,41530000
Palestine,PSE,2019,43430000
Palestine,PSE,2020,30530000
Palestine,PSE,2021,33150000
Panama,PAN,2000,6130000
Panama,PAN,2001,55280000
Panama,PAN,2002,2910000
Panama,PAN,2003,8410000
Panama,PAN,2004,6800000
Panama,PAN,2005,4370000
Panama,PAN,2006,5290000
Panama,PAN,2007,6710000
Panama,PAN,2008,5170000
Panama,PAN,2009,12220000
Panama,PAN,2010,12150000
Panama,PAN,2011,9190000
Panama,PAN,2012,9950000
Panama,PAN,2013,11250000
Panama,PAN,2014,16820000
Panama,PAN,2015,16579999.999999998
Panama,PAN,2016,13670000
Panama,PAN,2017,6260000
Panama,PAN,2018,3470000
Panama,PAN,2019,600000
Panama,PAN,2020,33990000
Panama,PAN,2021,2170000
Papua New Guinea,PNG,2000,65099999.99999999
Papua New Guinea,PNG,2001,22280000
Papua New Guinea,PNG,2002,20620000
Papua New Guinea,PNG,2003,26420000
Papua New Guinea,PNG,2004,17600000
Papua New Guinea,PNG,2005,17930000
Papua New Guinea,PNG,2006,14050000
Papua New Guinea,PNG,2007,18040000
Papua New Guinea,PNG,2008,13660000
Papua New Guinea,PNG,2009,24180000
Papua New Guinea,PNG,2010,23170000
Papua New Guinea,PNG,2011,22490000
Papua New Guinea,PNG,2012,19370000
Papua New Guinea,PNG,2013,19990000
Papua New Guinea,PNG,2014,34370000
Papua New Guinea,PNG,2015,33520000.000000004
Papua New Guinea,PNG,2016,20330000
Papua New Guinea,PNG,2017,24520000
Papua New Guinea,PNG,2018,47770000
Papua New Guinea,PNG,2019,67190000
Papua New Guinea,PNG,2020,60790000
Papua New Guinea,PNG,2021,47500000
Paraguay,PRY,2000,410860000
Paraguay,PRY,2001,4150000.0000000005
Paraguay,PRY,2002,3250000
Paraguay,PRY,2003,28500000
Paraguay,PRY,2004,27950000
Paraguay,PRY,2005,12970000
Paraguay,PRY,2006,14840000
Paraguay,PRY,2007,18370000
Paraguay,PRY,2008,47790000
Paraguay,PRY,2009,51370000
Paraguay,PRY,2010,31600000
Paraguay,PRY,2011,20770000
Paraguay,PRY,2012,30240000
Paraguay,PRY,2013,28500000
Paraguay,PRY,2014,117510000
Paraguay,PRY,2015,34200000
Paraguay,PRY,2016,33280000
Paraguay,PRY,2017,40670000
Paraguay,PRY,2018,30150000
Paraguay,PRY,2019,27860000
Paraguay,PRY,2020,131840000
Paraguay,PRY,2021,31550000
Peru,PER,2000,144550000
Peru,PER,2001,156560000
Peru,PER,2002,73900000
Peru,PER,2003,80450000
Peru,PER,2004,185340000
Peru,PER,2005,121010000
Peru,PER,2006,129310000
Peru,PER,2007,144400000
Peru,PER,2008,114790000
Peru,PER,2009,138420000
Peru,PER,2010,145890000
Peru,PER,2011,126470000
Peru,PER,2012,92460000
Peru,PER,2013,110670000
Peru,PER,2014,117090000
Peru,PER,2015,116100000
Peru,PER,2016,100260000
Peru,PER,2017,91000000
Peru,PER,2018,110910000
Peru,PER,2019,100830000
Peru,PER,2020,102870000
Peru,PER,2021,90580000
Philippines,PHL,2000,388710000
Philippines,PHL,2001,335020000
Philippines,PHL,2002,92090000
Philippines,PHL,2003,99680000
Philippines,PHL,2004,80000000
Philippines,PHL,2005,100740000
Philippines,PHL,2006,96440000
Philippines,PHL,2007,106450000
Philippines,PHL,2008,145980000
Philippines,PHL,2009,102380000
Philippines,PHL,2010,139320000
Philippines,PHL,2011,109560000
Philippines,PHL,2012,133479999.99999999
Philippines,PHL,2013,147260000
Philippines,PHL,2014,100370000
Philippines,PHL,2015,124150000
Philippines,PHL,2016,104290000
Philippines,PHL,2017,164910000
Philippines,PHL,2018,237750000
Philippines,PHL,2019,210550000
Philippines,PHL,2020,687890000
Philippines,PHL,2021,131880000
Rwanda,RWA,2000,83400000
Rwanda,RWA,2001,87370000
Rwanda,RWA,2002,27200000
Rwanda,RWA,2003,20580000
Rwanda,RWA,2004,34630000
Rwanda,RWA,2005,41720000
Rwanda,RWA,2006,53800000
Rwanda,RWA,2007,72080000
Rwanda,RWA,2008,85110000
Rwanda,RWA,2009,52410000
Rwanda,RWA,2010,157720000
Rwanda,RWA,2011,146780000
Rwanda,RWA,2012,93150000
Rwanda,RWA,2013,102980000
Rwanda,RWA,2014,106250000
Rwanda,RWA,2015,235460000
Rwanda,RWA,2016,164680000
Rwanda,RWA,2017,201510000
Rwanda,RWA,2018,142170000
Rwanda,RWA,2019,177470000
Rwanda,RWA,2020,161580000
Rwanda,RWA,2021,109560000
Saint Helena,SHN,2000,310000
Saint Helena,SHN,2001,160000
Saint Helena,SHN,2002,90000
Saint Helena,SHN,2003,50000
Saint Helena,SHN,2004,200000
Saint Helena,SHN,2005,1400000
Saint Helena,SHN,2006,40000
Saint Helena,SHN,2009,90000
Saint Helena,SHN,2010,810000
Saint Helena,SHN,2015,780000
Saint Helena,SHN,2016,490000
Saint Helena,SHN,2017,3950000
Saint Helena,SHN,2018,4300000
Saint Helena,SHN,2019,4010000
Saint Helena,SHN,2020,7630000
Saint Helena,SHN,2021,6090000
Saint Kitts and Nevis,KNA,2000,3160000
Saint Kitts and Nevis,KNA,2001,4800000
Saint Kitts and Nevis,KNA,2002,6610000
Saint Kitts and Nevis,KNA,2004,290000
Saint Kitts and Nevis,KNA,2005,670000
Saint Kitts and Nevis,KNA,2006,4400000
Saint Kitts and Nevis,KNA,2007,670000
Saint Kitts and Nevis,KNA,2008,420000
Saint Kitts and Nevis,KNA,2009,1450000
Saint Kitts and Nevis,KNA,2010,1120000
Saint Kitts and Nevis,KNA,2011,560000
Saint Kitts and Nevis,KNA,2012,120000
Saint Kitts and Nevis,KNA,2013,140000
Saint Lucia,LCA,2000,14710000
Saint Lucia,LCA,2001,25980000
Saint Lucia,LCA,2002,7960000
Saint Lucia,LCA,2003,2950000
Saint Lucia,LCA,2004,180000
Saint Lucia,LCA,2005,1650000
Saint Lucia,LCA,2006,1330000
Saint Lucia,LCA,2007,2370000
Saint Lucia,LCA,2008,9190000
Saint Lucia,LCA,2009,12240000
Saint Lucia,LCA,2010,5110000
Saint Lucia,LCA,2011,1290000
Saint Lucia,LCA,2012,420000
Saint Lucia,LCA,2013,1050000
Saint Lucia,LCA,2014,320000
Saint Lucia,LCA,2015,1970000
Saint Lucia,LCA,2016,7720000
Saint Lucia,LCA,2017,5430000
Saint Lucia,LCA,2018,3430000
Saint Lucia,LCA,2019,3150000
Saint Lucia,LCA,2020,650000
Saint Lucia,LCA,2021,5310000
Saint Vincent and the Grenadines,VCT,2000,10690000
Saint Vincent and the Grenadines,VCT,2001,10400000
Saint Vincent and the Grenadines,VCT,2002,-90000
Saint Vincent and the Grenadines,VCT,2003,990000
Saint Vincent and the Grenadines,VCT,2004,5260000
Saint Vincent and the Grenadines,VCT,2005,3530000
Saint Vincent and the Grenadines,VCT,2006,3200000
Saint Vincent and the Grenadines,VCT,2007,9860000
Saint Vincent and the Grenadines,VCT,2008,15360000
Saint Vincent and the Grenadines,VCT,2009,10160000
Saint Vincent and the Grenadines,VCT,2010,3210000
Saint Vincent and the Grenadines,VCT,2011,1110000
Saint Vincent and the Grenadines,VCT,2012,170000
Saint Vincent and the Grenadines,VCT,2013,1510000
Saint Vincent and the Grenadines,VCT,2014,150000
Saint Vincent and the Grenadines,VCT,2015,790000
Saint Vincent and the Grenadines,VCT,2016,6980000
Saint Vincent and the Grenadines,VCT,2017,2660000
Saint Vincent and the Grenadines,VCT,2018,1910000
Saint Vincent and the Grenadines,VCT,2019,11760000
Saint Vincent and the Grenadines,VCT,2020,2120000
Saint Vincent and the Grenadines,VCT,2021,360000
Samoa,WSM,2000,2920000
Samoa,WSM,2001,9730000
Samoa,WSM,2002,9850000
Samoa,WSM,2003,4200000
Samoa,WSM,2004,4630000
Samoa,WSM,2005,2960000
Samoa,WSM,2006,5640000
Samoa,WSM,2007,2990000
Samoa,WSM,2008,560000
Samoa,WSM,2009,790000
Samoa,WSM,2010,1640000
Samoa,WSM,2011,2280000
Samoa,WSM,2012,3660000
Samoa,WSM,2013,3400000
Samoa,WSM,2014,3770000
Samoa,WSM,2015,4340000
Samoa,WSM,2016,5670000
Samoa,WSM,2017,14660000
Samoa,WSM,2018,3070000
Samoa,WSM,2019,3570000
Samoa,WSM,2020,3940000
Samoa,WSM,2021,3750000
Sao Tome and Principe,STP,2000,8160000
Sao Tome and Principe,STP,2001,3190000
Sao Tome and Principe,STP,2002,4760000
Sao Tome and Principe,STP,2003,3030000
Sao Tome and Principe,STP,2004,1680000
Sao Tome and Principe,STP,2005,1030000
Sao Tome and Principe,STP,2006,150000
Sao Tome and Principe,STP,2007,400000
Sao Tome and Principe,STP,2008,690000
Sao Tome and Principe,STP,2009,880000
Sao Tome and Principe,STP,2010,2150000
Sao Tome and Principe,STP,2011,2410000
Sao Tome and Principe,STP,2012,2690000
Sao Tome and Principe,STP,2013,6920000
Sao Tome and Principe,STP,2014,2990000
Sao Tome and Principe,STP,2015,2640000
Sao Tome and Principe,STP,2016,6810000
Sao Tome and Principe,STP,2017,5120000
Sao Tome and Principe,STP,2018,5610000
Sao Tome and Principe,STP,2019,6790000
Sao Tome and Principe,STP,2020,3590000
Sao Tome and Principe,STP,2021,4690000
Saudi Arabia,SAU,2000,420000
Saudi Arabia,SAU,2001,10000
Saudi Arabia,SAU,2002,20000
Saudi Arabia,SAU,2003,40000
Saudi Arabia,SAU,2004,370000
Saudi Arabia,SAU,2005,390000
Saudi Arabia,SAU,2006,230000
Senegal,SEN,2000,109990000
Senegal,SEN,2001,81340000
Senegal,SEN,2002,78390000
Senegal,SEN,2003,86980000
Senegal,SEN,2004,76160000
Senegal,SEN,2005,65739999.99999999
Senegal,SEN,2006,94260000
Senegal,SEN,2007,75080000
Senegal,SEN,2008,75100000
Senegal,SEN,2009,80850000
Senegal,SEN,2010,107260000
Senegal,SEN,2011,127150000
Senegal,SEN,2012,98730000
Senegal,SEN,2013,146640000
Senegal,SEN,2014,179220000
Senegal,SEN,2015,219230000
Senegal,SEN,2016,169560000
Senegal,SEN,2017,193980000
Senegal,SEN,2018,145360000
Senegal,SEN,2019,141230000
Senegal,SEN,2020,152710000
Senegal,SEN,2021,194070000
Serbia,SRB,2000,26010000
Serbia,SRB,2001,22570000
Serbia,SRB,2002,6310000
Serbia,SRB,2003,7530000
Serbia,SRB,2004,19280000
Serbia,SRB,2005,11940000
Serbia,SRB,2006,14530000
Serbia,SRB,2007,15950000
Serbia,SRB,2008,23100000
Serbia,SRB,2009,79290000
Serbia,SRB,2010,30200000
Serbia,SRB,2011,90320000
Serbia,SRB,2012,31420000
Serbia,SRB,2013,96700000
Serbia,SRB,2014,28420000
Serbia,SRB,2015,22100000
Serbia,SRB,2016,7450000
Serbia,SRB,2017,3880000
Serbia,SRB,2018,41790000
Serbia,SRB,2019,57340000
Serbia,SRB,2020,55700000
Serbia,SRB,2021,34990000
Seychelles,SYC,2000,330000
Seychelles,SYC,2001,5250000
Seychelles,SYC,2002,670000
Seychelles,SYC,2003,2110000
Seychelles,SYC,2004,1100000
Seychelles,SYC,2005,2490000
Seychelles,SYC,2006,6380000
Seychelles,SYC,2007,1270000
Seychelles,SYC,2008,1990000
Seychelles,SYC,2009,8530000
Seychelles,SYC,2010,4240000
Seychelles,SYC,2011,930000
Seychelles,SYC,2012,860000
Seychelles,SYC,2013,110000
Seychelles,SYC,2014,440000
Seychelles,SYC,2015,2590000
Seychelles,SYC,2016,730000
Seychelles,SYC,2017,5420000
Sierra Leone,SLE,2000,16719999.999999998
Sierra Leone,SLE,2001,3320000
Sierra Leone,SLE,2002,10540000
Sierra Leone,SLE,2003,12400000
Sierra Leone,SLE,2004,7890000
Sierra Leone,SLE,2005,4179999.9999999995
Sierra Leone,SLE,2006,5010000
Sierra Leone,SLE,2007,4920000
Sierra Leone,SLE,2008,13040000
Sierra Leone,SLE,2009,23350000
Sierra Leone,SLE,2010,49960000
Sierra Leone,SLE,2011,19850000
Sierra Leone,SLE,2012,24410000
Sierra Leone,SLE,2013,33009999.999999996
Sierra Leone,SLE,2014,32000000
Sierra Leone,SLE,2015,7820000
Sierra Leone,SLE,2016,9880000
Sierra Leone,SLE,2017,39030000
Sierra Leone,SLE,2018,13510000
Sierra Leone,SLE,2019,31900000
Sierra Leone,SLE,2020,82580000
Sierra Leone,SLE,2021,18110000
Slovenia,SVN,2000,0
Slovenia,SVN,2001,10700000
Slovenia,SVN,2002,260000
Small Island Developing States (SIDS),,2000,648460000
Small Island Developing States (SIDS),,2001,367450000
Small Island Developing States (SIDS),,2002,173970000
Small Island Developing States (SIDS),,2003,166390000
Small Island Developing States (SIDS),,2004,159820000
Small Island Developing States (SIDS),,2005,135090000
Small Island Developing States (SIDS),,2006,160830000
Small Island Developing States (SIDS),,2007,200410000
Small Island Developing States (SIDS),,2008,264269999.99999997
Small Island Developing States (SIDS),,2009,301000000
Small Island Developing States (SIDS),,2010,387830000
Small Island Developing States (SIDS),,2011,287430000
Small Island Developing States (SIDS),,2012,297680000
Small Island Developing States (SIDS),,2013,354650000
Small Island Developing States (SIDS),,2014,295510000
Small Island Developing States (SIDS),,2015,281520000
Small Island Developing States (SIDS),,2016,341190000
Small Island Developing States (SIDS),,2017,344910000
Small Island Developing States (SIDS),,2018,361920000
Small Island Developing States (SIDS),,2019,381460000
Small Island Developing States (SIDS),,2020,620960000
Small Island Developing States (SIDS),,2021,391090000
Solomon Islands,SLB,2000,3810000
Solomon Islands,SLB,2001,230000
Solomon Islands,SLB,2002,3200000
Solomon Islands,SLB,2003,3920000
Solomon Islands,SLB,2004,2590000
Solomon Islands,SLB,2005,6200000
Solomon Islands,SLB,2006,6540000
Solomon Islands,SLB,2007,5190000
Solomon Islands,SLB,2008,21790000
Solomon Islands,SLB,2009,23490000
Solomon Islands,SLB,2010,12100000
Solomon Islands,SLB,2011,10940000
Solomon Islands,SLB,2012,16149999.999999998
Solomon Islands,SLB,2013,10420000
Solomon Islands,SLB,2014,7180000
Solomon Islands,SLB,2015,14070000
Solomon Islands,SLB,2016,13650000
Solomon Islands,SLB,2017,15330000
Solomon Islands,SLB,2018,8890000
Solomon Islands,SLB,2019,15600000
Solomon Islands,SLB,2020,9900000
Solomon Islands,SLB,2021,14020000
Somalia,SOM,2000,270000
Somalia,SOM,2001,3020000
Somalia,SOM,2002,710000
Somalia,SOM,2003,1380000
Somalia,SOM,2004,820000
Somalia,SOM,2005,1250000
Somalia,SOM,2006,4960000
Somalia,SOM,2007,1770000
Somalia,SOM,2008,8520000
Somalia,SOM,2009,14570000
Somalia,SOM,2010,16760000.000000002
Somalia,SOM,2011,20410000
Somalia,SOM,2012,25730000
Somalia,SOM,2013,29800000
Somalia,SOM,2014,28120000
Somalia,SOM,2015,23370000
Somalia,SOM,2016,33720000
Somalia,SOM,2017,23040000
Somalia,SOM,2018,37810000
Somalia,SOM,2019,50400000
Somalia,SOM,2020,142770000
Somalia,SOM,2021,48690000
South Africa,ZAF,2000,60830000
South Africa,ZAF,2001,16600000.000000002
South Africa,ZAF,2002,20730000
South Africa,ZAF,2003,22130000
South Africa,ZAF,2004,17150000
South Africa,ZAF,2005,23030000
South Africa,ZAF,2006,25320000
South Africa,ZAF,2007,34400000
South Africa,ZAF,2008,27080000
South Africa,ZAF,2009,21830000
South Africa,ZAF,2010,33970000
South Africa,ZAF,2011,17360000
South Africa,ZAF,2012,18200000
South Africa,ZAF,2013,13520000
South Africa,ZAF,2014,11780000
South Africa,ZAF,2015,12800000
South Africa,ZAF,2016,13470000
South Africa,ZAF,2017,11660000
South Africa,ZAF,2018,18090000
South Africa,ZAF,2019,27980000
South Africa,ZAF,2020,29830000
South Africa,ZAF,2021,30380000
South Sudan,SSD,2011,15350000
South Sudan,SSD,2012,27620000
South Sudan,SSD,2013,70900000
South Sudan,SSD,2014,67950000
South Sudan,SSD,2015,74010000
South Sudan,SSD,2016,41380000
South Sudan,SSD,2017,54410000
South Sudan,SSD,2018,47350000
South Sudan,SSD,2019,77980000
South Sudan,SSD,2020,64930000.00000001
South Sudan,SSD,2021,51580000
Sri Lanka,LKA,2000,57070000
Sri Lanka,LKA,2001,63210000
Sri Lanka,LKA,2002,27730000
Sri Lanka,LKA,2003,97410000
Sri Lanka,LKA,2004,43510000
Sri Lanka,LKA,2005,53900000
Sri Lanka,LKA,2006,50840000
Sri Lanka,LKA,2007,52370000
Sri Lanka,LKA,2008,58380000
Sri Lanka,LKA,2009,34970000
Sri Lanka,LKA,2010,37690000
Sri Lanka,LKA,2011,91080000
Sri Lanka,LKA,2012,69410000
Sri Lanka,LKA,2013,52840000
Sri Lanka,LKA,2014,52160000
Sri Lanka,LKA,2015,38260000
Sri Lanka,LKA,2016,53260000
Sri Lanka,LKA,2017,60290000
Sri Lanka,LKA,2018,84810000
Sri Lanka,LKA,2019,48590000
Sri Lanka,LKA,2020,62310000
Sri Lanka,LKA,2021,98020000
Sub-Saharan Africa (UN),,2000,2152290000
Sub-Saharan Africa (UN),,2001,1751130000
Sub-Saharan Africa (UN),,2002,1373270000
Sub-Saharan Africa (UN),,2003,1531360000
Sub-Saharan Africa (UN),,2004,1531120000
Sub-Saharan Africa (UN),,2005,1638710000
Sub-Saharan Africa (UN),,2006,1873400000
Sub-Saharan Africa (UN),,2007,2112590000.0000002
Sub-Saharan Africa (UN),,2008,2286350000
Sub-Saharan Africa (UN),,2009,2803870000
Sub-Saharan Africa (UN),,2010,3012820000
Sub-Saharan Africa (UN),,2011,2967890000
Sub-Saharan Africa (UN),,2012,2920250000
Sub-Saharan Africa (UN),,2013,3245240000
Sub-Saharan Africa (UN),,2014,3379160000
Sub-Saharan Africa (UN),,2015,3515240000
Sub-Saharan Africa (UN),,2016,3932380000
Sub-Saharan Africa (UN),,2017,4167600000.0000005
Sub-Saharan Africa (UN),,2018,4012090000
Sub-Saharan Africa (UN),,2019,4946250000
Sub-Saharan Africa (UN),,2020,5171930000
Sub-Saharan Africa (UN),,2021,4209330000
Sudan,SDN,2000,28530000
Sudan,SDN,2001,2680000
Sudan,SDN,2002,6170000
Sudan,SDN,2003,4160000
Sudan,SDN,2004,21590000
Sudan,SDN,2005,6980000
Sudan,SDN,2006,6030000
Sudan,SDN,2007,12040000
Sudan,SDN,2008,40210000
Sudan,SDN,2009,62960000
Sudan,SDN,2010,88230000
Sudan,SDN,2011,175990000
Sudan,SDN,2012,148560000
Sudan,SDN,2013,75330000
Sudan,SDN,2014,136430000
Sudan,SDN,2015,152730000
Sudan,SDN,2016,54170000
Sudan,SDN,2017,28650000
Sudan,SDN,2018,34020000
Sudan,SDN,2019,48330000
Sudan,SDN,2020,196250000
Sudan,SDN,2021,75200000
Suriname,SUR,2000,5990000
Suriname,SUR,2001,12650000
Suriname,SUR,2002,6570000
Suriname,SUR,2003,3720000
Suriname,SUR,2004,4860000
Suriname,SUR,2005,5130000
Suriname,SUR,2006,4940000
Suriname,SUR,2007,12880000
Suriname,SUR,2008,14070000
Suriname,SUR,2009,13830000
Suriname,SUR,2010,18900000
Suriname,SUR,2011,4320000
Suriname,SUR,2012,300000
Suriname,SUR,2013,860000
Suriname,SUR,2014,15600000
Suriname,SUR,2015,300000
Suriname,SUR,2016,4400000
Suriname,SUR,2017,7860000
Suriname,SUR,2018,3330000
Suriname,SUR,2019,8140000.000000001
Suriname,SUR,2020,3700000
Suriname,SUR,2021,3270000
Syria,SYR,2000,5980000
Syria,SYR,2001,15180000
Syria,SYR,2002,16110000
Syria,SYR,2003,10100000
Syria,SYR,2004,4800000
Syria,SYR,2005,1960000
Syria,SYR,2006,3070000
Syria,SYR,2007,3270000
Syria,SYR,2008,8640000
Syria,SYR,2009,11100000
Syria,SYR,2010,8279999.999999999
Syria,SYR,2011,10280000
Syria,SYR,2012,4270000
Syria,SYR,2013,2780000
Syria,SYR,2014,1990000
Syria,SYR,2015,490000
Syria,SYR,2016,1400000
Syria,SYR,2017,2650000
Syria,SYR,2018,20350000
Syria,SYR,2019,12780000
Syria,SYR,2020,8039999.999999999
Syria,SYR,2021,17550000
Tajikistan,TJK,2000,25830000
Tajikistan,TJK,2001,27200000
Tajikistan,TJK,2002,39590000
Tajikistan,TJK,2003,9180000
Tajikistan,TJK,2004,20090000
Tajikistan,TJK,2005,22410000
Tajikistan,TJK,2006,16930000
Tajikistan,TJK,2007,26960000
Tajikistan,TJK,2008,35050000
Tajikistan,TJK,2009,35340000
Tajikistan,TJK,2010,55540000
Tajikistan,TJK,2011,47750000
Tajikistan,TJK,2012,39480000
Tajikistan,TJK,2013,38280000
Tajikistan,TJK,2014,29710000
Tajikistan,TJK,2015,37240000
Tajikistan,TJK,2016,35400000
Tajikistan,TJK,2017,32720000
Tajikistan,TJK,2018,34230000
Tajikistan,TJK,2019,43920000
Tajikistan,TJK,2020,31240000
Tajikistan,TJK,2021,50990000
Tanzania,TZA,2000,141800000
Tanzania,TZA,2001,63440000
Tanzania,TZA,2002,80600000
Tanzania,TZA,2003,119210000
Tanzania,TZA,2004,141610000
Tanzania,TZA,2005,118720000
Tanzania,TZA,2006,142380000
Tanzania,TZA,2007,130460000.00000001
Tanzania,TZA,2008,176960000
Tanzania,TZA,2009,169600000
Tanzania,TZA,2010,219450000
Tanzania,TZA,2011,124340000
Tanzania,TZA,2012,153510000
Tanzania,TZA,2013,170440000
Tanzania,TZA,2014,162930000
Tanzania,TZA,2015,142700000
Tanzania,TZA,2016,190600000
Tanzania,TZA,2017,224650000
Tanzania,TZA,2018,205120000
Tanzania,TZA,2019,161610000
Tanzania,TZA,2020,98740000
Tanzania,TZA,2021,91790000
Thailand,THA,2000,31480000
Thailand,THA,2001,5760000
Thailand,THA,2002,6540000
Thailand,THA,2003,14870000
Thailand,THA,2004,10930000
Thailand,THA,2005,13740000
Thailand,THA,2006,25990000
Thailand,THA,2007,26430000
Thailand,THA,2008,10120000
Thailand,THA,2009,8359999.999999999
Thailand,THA,2010,12250000
Thailand,THA,2011,9250000
Thailand,THA,2012,12240000
Thailand,THA,2013,13780000
Thailand,THA,2014,23640000
Thailand,THA,2015,8240000
Thailand,THA,2016,8730000
Thailand,THA,2017,8109999.999999999
Thailand,THA,2018,9180000
Thailand,THA,2019,8750000
Thailand,THA,2020,7840000
Thailand,THA,2021,15100000
Togo,TGO,2000,6810000
Togo,TGO,2001,4980000
Togo,TGO,2002,3300000
Togo,TGO,2003,5370000
Togo,TGO,2004,4050000
Togo,TGO,2005,3640000
Togo,TGO,2006,2630000
Togo,TGO,2007,2750000
Togo,TGO,2008,2870000
Togo,TGO,2009,14510000
Togo,TGO,2010,26390000
Togo,TGO,2011,15560000
Togo,TGO,2012,8700000
Togo,TGO,2013,15960000
Togo,TGO,2014,20590000
Togo,TGO,2015,17600000
Togo,TGO,2016,13040000
Togo,TGO,2017,21820000
Togo,TGO,2018,27790000
Togo,TGO,2019,27890000
Togo,TGO,2020,32770000.000000004
Togo,TGO,2021,15390000
Tokelau,TKL,2005,20000
Tokelau,TKL,2006,20000
Tokelau,TKL,2009,0
Tokelau,TKL,2010,250000
Tokelau,TKL,2012,260000
Tokelau,TKL,2013,430000
Tokelau,TKL,2014,250000
Tokelau,TKL,2015,90000
Tokelau,TKL,2017,150000
Tokelau,TKL,2018,110000
Tokelau,TKL,2019,190000
Tokelau,TKL,2021,380000
Tonga,TON,2000,250000
Tonga,TON,2001,18470000
Tonga,TON,2002,1920000
Tonga,TON,2003,4390000
Tonga,TON,2004,5050000
Tonga,TON,2005,3050000
Tonga,TON,2006,2910000
Tonga,TON,2007,1970000
Tonga,TON,2008,850000
Tonga,TON,2009,470000
Tonga,TON,2010,2360000
Tonga,TON,2011,1230000
Tonga,TON,2012,1840000
Tonga,TON,2013,2009999.9999999998
Tonga,TON,2014,1080000
Tonga,TON,2015,2040000
Tonga,TON,2016,2029999.9999999998
Tonga,TON,2017,1830000
Tonga,TON,2018,2049999.9999999998
Tonga,TON,2019,3930000
Tonga,TON,2020,2060000
Tonga,TON,2021,4099999.9999999995
Trinidad and Tobago,TTO,2000,70000
Trinidad and Tobago,TTO,2001,240000
Trinidad and Tobago,TTO,2002,130000
Trinidad and Tobago,TTO,2003,2020000
Trinidad and Tobago,TTO,2004,1640000
Trinidad and Tobago,TTO,2005,1640000
Trinidad and Tobago,TTO,2006,1320000
Trinidad and Tobago,TTO,2007,3280000
Trinidad and Tobago,TTO,2008,320000
Trinidad and Tobago,TTO,2009,390000
Trinidad and Tobago,TTO,2010,350000
Tunisia,TUN,2000,278660000
Tunisia,TUN,2001,84100000
Tunisia,TUN,2002,75150000
Tunisia,TUN,2003,86630000
Tunisia,TUN,2004,71800000
Tunisia,TUN,2005,80530000
Tunisia,TUN,2006,90660000
Tunisia,TUN,2007,48550000
Tunisia,TUN,2008,55060000
Tunisia,TUN,2009,36030000
Tunisia,TUN,2010,39460000
Tunisia,TUN,2011,50820000
Tunisia,TUN,2012,32509999.999999996
Tunisia,TUN,2013,30780000
Tunisia,TUN,2014,50080000
Tunisia,TUN,2015,74270000
Tunisia,TUN,2016,60870000
Tunisia,TUN,2017,63640000
Tunisia,TUN,2018,59180000
Tunisia,TUN,2019,66830000
Tunisia,TUN,2020,117370000
Tunisia,TUN,2021,61700000
Turkey,TUR,2000,343530000
Turkey,TUR,2001,998780000
Turkey,TUR,2002,196710000
Turkey,TUR,2003,43050000
Turkey,TUR,2004,319480000
Turkey,TUR,2005,69890000
Turkey,TUR,2006,92960000
Turkey,TUR,2007,89760000
Turkey,TUR,2008,70030000
Turkey,TUR,2009,13450000
Turkey,TUR,2010,123260000
Turkey,TUR,2011,327780000
Turkey,TUR,2012,10170000
Turkey,TUR,2013,54870000
Turkey,TUR,2014,387000000
Turkey,TUR,2015,391300000
Turkey,TUR,2016,570740000
Turkey,TUR,2017,440610000
Turkey,TUR,2018,368730000
Turkey,TUR,2019,286230000
Turkey,TUR,2020,328180000
Turkey,TUR,2021,276610000
Turkmenistan,TKM,2000,40000
Turkmenistan,TKM,2001,320000
Turkmenistan,TKM,2002,220000
Turkmenistan,TKM,2003,30000
Turkmenistan,TKM,2004,0
Turkmenistan,TKM,2005,20000
Turkmenistan,TKM,2007,50000
Turkmenistan,TKM,2008,1240000
Turkmenistan,TKM,2009,1190000
Turkmenistan,TKM,2010,1190000
Turkmenistan,TKM,2011,3880000
Turkmenistan,TKM,2012,2230000
Turkmenistan,TKM,2013,320000
Turkmenistan,TKM,2014,50000
Turkmenistan,TKM,2015,80000
Turkmenistan,TKM,2016,1710000
Turkmenistan,TKM,2017,1240000
Turkmenistan,TKM,2018,1690000
Turkmenistan,TKM,2019,4400000
Turkmenistan,TKM,2020,2730000
Turkmenistan,TKM,2021,2540000
Turks and Caicos Islands,TCA,2000,80000
Turks and Caicos Islands,TCA,2007,0
Tuvalu,TUV,2001,7560000
Tuvalu,TUV,2002,3770000
Tuvalu,TUV,2003,640000
Tuvalu,TUV,2004,690000
Tuvalu,TUV,2005,740000
Tuvalu,TUV,2006,810000
Tuvalu,TUV,2007,760000
Tuvalu,TUV,2008,870000
Tuvalu,TUV,2009,500000
Tuvalu,TUV,2010,930000
Tuvalu,TUV,2011,450000
Tuvalu,TUV,2012,1000000
Tuvalu,TUV,2013,1470000
Tuvalu,TUV,2014,920000
Tuvalu,TUV,2015,2380000
Tuvalu,TUV,2016,2330000
Tuvalu,TUV,2017,8550000
Tuvalu,TUV,2018,2140000
Tuvalu,TUV,2019,3100000
Tuvalu,TUV,2020,3840000
Tuvalu,TUV,2021,3770000
Uganda,UGA,2000,144040000
Uganda,UGA,2001,127500000
Uganda,UGA,2002,42550000
Uganda,UGA,2003,58390000
Uganda,UGA,2004,100080000
Uganda,UGA,2005,121510000
Uganda,UGA,2006,127710000
Uganda,UGA,2007,179050000
Uganda,UGA,2008,135580000
Uganda,UGA,2009,153720000
Uganda,UGA,2010,91030000
Uganda,UGA,2011,132750000
Uganda,UGA,2012,158700000
Uganda,UGA,2013,202990000
Uganda,UGA,2014,172320000
Uganda,UGA,2015,174760000
Uganda,UGA,2016,200030000
Uganda,UGA,2017,226710000
Uganda,UGA,2018,240110000
Uganda,UGA,2019,231710000
Uganda,UGA,2020,333240000
Uganda,UGA,2021,227840000
Ukraine,UKR,2005,57930000
Ukraine,UKR,2006,17150000
Ukraine,UKR,2007,13410000
Ukraine,UKR,2008,20320000
Ukraine,UKR,2009,68950000
Ukraine,UKR,2010,190330000
Ukraine,UKR,2011,112890000
Ukraine,UKR,2012,133870000
Ukraine,UKR,2013,153410000
Ukraine,UKR,2014,205490000
Ukraine,UKR,2015,107100000
Ukraine,UKR,2016,188970000
Ukraine,UKR,2017,167470000
Ukraine,UKR,2018,206400000
Ukraine,UKR,2019,229220000
Ukraine,UKR,2020,208420000
Ukraine,UKR,2021,191530000
Uruguay,URY,2000,23430000
Uruguay,URY,2001,42010000
Uruguay,URY,2002,8060000.000000001
Uruguay,URY,2003,2870000
Uruguay,URY,2004,5260000
Uruguay,URY,2005,3300000
Uruguay,URY,2006,3530000
Uruguay,URY,2007,9470000
Uruguay,URY,2008,10590000
Uruguay,URY,2009,15450000
Uruguay,URY,2010,12600000
Uruguay,URY,2011,50350000
Uruguay,URY,2012,167910000
Uruguay,URY,2013,81320000
Uruguay,URY,2014,14090000
Uruguay,URY,2015,28220000
Uruguay,URY,2016,15160000
Uruguay,URY,2017,12570000
Uzbekistan,UZB,2000,250000
Uzbekistan,UZB,2001,46980000
Uzbekistan,UZB,2002,24470000
Uzbekistan,UZB,2003,9370000
Uzbekistan,UZB,2004,7760000
Uzbekistan,UZB,2005,15490000
Uzbekistan,UZB,2006,20650000
Uzbekistan,UZB,2007,17040000
Uzbekistan,UZB,2008,16140000
Uzbekistan,UZB,2009,19280000
Uzbekistan,UZB,2010,34400000
Uzbekistan,UZB,2011,49110000
Uzbekistan,UZB,2012,55050000
Uzbekistan,UZB,2013,60700000
Uzbekistan,UZB,2014,55750000
Uzbekistan,UZB,2015,78070000
Uzbekistan,UZB,2016,163670000
Uzbekistan,UZB,2017,123720000
Uzbekistan,UZB,2018,591530000
Uzbekistan,UZB,2019,352350000
Uzbekistan,UZB,2020,444500000
Uzbekistan,UZB,2021,266120000
Vanuatu,VUT,2000,4200000
Vanuatu,VUT,2001,3160000
Vanuatu,VUT,2002,1130000
Vanuatu,VUT,2003,1980000
Vanuatu,VUT,2004,1320000
Vanuatu,VUT,2005,2170000
Vanuatu,VUT,2006,4280000
Vanuatu,VUT,2007,7460000
Vanuatu,VUT,2008,7780000
Vanuatu,VUT,2009,3730000
Vanuatu,VUT,2010,6380000
Vanuatu,VUT,2011,13470000
Vanuatu,VUT,2012,6670000
Vanuatu,VUT,2013,6330000
Vanuatu,VUT,2014,4460000
Vanuatu,VUT,2015,4300000
Vanuatu,VUT,2016,2950000
Vanuatu,VUT,2017,9210000
Vanuatu,VUT,2018,18270000
Vanuatu,VUT,2019,12650000
Vanuatu,VUT,2020,28470000
Vanuatu,VUT,2021,12540000
Venezuela,VEN,2000,20120000
Venezuela,VEN,2001,1880000
Venezuela,VEN,2002,6650000
Venezuela,VEN,2003,7660000
Venezuela,VEN,2004,3970000
Venezuela,VEN,2005,2990000
Venezuela,VEN,2006,2980000
Venezuela,VEN,2007,1620000
Venezuela,VEN,2008,830000
Venezuela,VEN,2009,4530000
Venezuela,VEN,2010,540000
Venezuela,VEN,2011,1260000
Venezuela,VEN,2012,1400000
Venezuela,VEN,2013,1000000
Venezuela,VEN,2014,2950000
Venezuela,VEN,2015,2940000
Venezuela,VEN,2016,2020000
Venezuela,VEN,2017,100000
Venezuela,VEN,2018,70000
Venezuela,VEN,2019,90000
Venezuela,VEN,2020,4810000
Venezuela,VEN,2021,4510000
Vietnam,VNM,2000,117620000
Vietnam,VNM,2001,395940000
Vietnam,VNM,2002,168820000
Vietnam,VNM,2003,146440000
Vietnam,VNM,2004,229610000
Vietnam,VNM,2005,215190000
Vietnam,VNM,2006,190370000
Vietnam,VNM,2007,257480000.00000003
Vietnam,VNM,2008,200280000
Vietnam,VNM,2009,240640000
Vietnam,VNM,2010,292080000
Vietnam,VNM,2011,337370000
Vietnam,VNM,2012,350590000
Vietnam,VNM,2013,292030000
Vietnam,VNM,2014,282230000
Vietnam,VNM,2015,268310000
Vietnam,VNM,2016,298500000
Vietnam,VNM,2017,328620000
Vietnam,VNM,2018,348080000
Vietnam,VNM,2019,302480000
Vietnam,VNM,2020,237890000
Vietnam,VNM,2021,233780000
Wallis and Futuna,WLF,2001,2910000
Wallis and Futuna,WLF,2002,1870000
Wallis and Futuna,WLF,2003,1500000
Wallis and Futuna,WLF,2004,2000000
Wallis and Futuna,WLF,2005,280000
Wallis and Futuna,WLF,2006,390000
Wallis and Futuna,WLF,2007,1450000
Wallis and Futuna,WLF,2008,1530000
Wallis and Futuna,WLF,2009,2880000
Wallis and Futuna,WLF,2010,1640000
Wallis and Futuna,WLF,2011,1860000
Wallis and Futuna,WLF,2012,1860000
Wallis and Futuna,WLF,2013,3620000
Wallis and Futuna,WLF,2014,3730000
Wallis and Futuna,WLF,2015,20000
Wallis and Futuna,WLF,2016,1730000
Wallis and Futuna,WLF,2017,1310000
Wallis and Futuna,WLF,2018,450000
Wallis and Futuna,WLF,2019,2320000
Wallis and Futuna,WLF,2020,2580000
Wallis and Futuna,WLF,2021,2280000
Yemen,YEM,2000,33520000.000000004
Yemen,YEM,2001,4280000
Yemen,YEM,2002,13670000
Yemen,YEM,2003,6510000
Yemen,YEM,2004,12700000
Yemen,YEM,2005,21160000
Yemen,YEM,2006,41750000
Yemen,YEM,2007,31440000
Yemen,YEM,2008,39780000
Yemen,YEM,2009,52110000
Yemen,YEM,2010,51200000
Yemen,YEM,2011,15320000
Yemen,YEM,2012,33800000
Yemen,YEM,2013,28340000
Yemen,YEM,2014,26770000
Yemen,YEM,2015,24410000
Yemen,YEM,2016,16480000
Yemen,YEM,2017,35820000
Yemen,YEM,2018,24600000
Yemen,YEM,2019,44610000
Yemen,YEM,2020,30040000
Yemen,YEM,2021,34430000
Zambia,ZMB,2000,51860000
Zambia,ZMB,2001,14730000
Zambia,ZMB,2002,48490000
Zambia,ZMB,2003,57910000
Zambia,ZMB,2004,43780000
Zambia,ZMB,2005,51030000
Zambia,ZMB,2006,53420000
Zambia,ZMB,2007,38680000
Zambia,ZMB,2008,57690000
Zambia,ZMB,2009,47800000
Zambia,ZMB,2010,40330000
Zambia,ZMB,2011,38660000
Zambia,ZMB,2012,66420000
Zambia,ZMB,2013,82540000
Zambia,ZMB,2014,88630000
Zambia,ZMB,2015,105110000
Zambia,ZMB,2016,102470000
Zambia,ZMB,2017,112100000
Zambia,ZMB,2018,119060000
Zambia,ZMB,2019,114030000
Zambia,ZMB,2020,118730000
Zambia,ZMB,2021,103870000
Zimbabwe,ZWE,2000,25000000
Zimbabwe,ZWE,2001,6290000
Zimbabwe,ZWE,2002,12280000
Zimbabwe,ZWE,2003,6560000
Zimbabwe,ZWE,2004,13610000
Zimbabwe,ZWE,2005,6720000
Zimbabwe,ZWE,2006,7270000
Zimbabwe,ZWE,2007,18400000
Zimbabwe,ZWE,2008,10620000
Zimbabwe,ZWE,2009,57350000
Zimbabwe,ZWE,2010,60030000
Zimbabwe,ZWE,2011,95070000
Zimbabwe,ZWE,2012,92470000
Zimbabwe,ZWE,2013,74870000
Zimbabwe,ZWE,2014,38390000
Zimbabwe,ZWE,2015,52010000
Zimbabwe,ZWE,2016,53050000
Zimbabwe,ZWE,2017,49710000
Zimbabwe,ZWE,2018,52110000
Zimbabwe,ZWE,2019,59160000
Zimbabwe,ZWE,2020,40760000
Zimbabwe,ZWE,2021,43230000